locations[0],locations[1],locations[2],radii,colors[0],colors[1],colors[2],hatching,removing,cell_type,division_set,div_thresh
17.297988300173966,1.5230971348615574,9.474715748678285,0.5,255.0,50.0,50.0,0.0,0.0,1.0,0.0,1.0
13.999155918200128,3.6297551377790818,8.384348382115213,0.5,255.0,255.0,0.0,0.0,0.0,2.0,0.0,1.0
18.21892365787121,7.4851390527464705,1.960617337589881,0.5,255.0,255.0,0.0,0.0,0.0,2.0,0.0,1.0
21.536346927059224,13.041918318251303,10.8439433350132,0.5,255.0,255.0,0.0,0.0,0.0,2.0,0.0,1.0
4.535433155912398,11.576546079507144,11.321721294410045,0.5,255.0,255.0,0.0,0.0,0.0,2.0,0.0,1.0
16.715419643578198,11.28918818745501,12.199623563512656,0.5,255.0,255.0,0.0,0.0,0.0,2.0,0.0,1.0
3.094155757491001,14.248720519449279,0.60468935202488,0.5,255.0,50.0,50.0,0.0,0.0,1.0,0.0,1.0
18.48549121444399,1.087262426796975,2.5596553597829814,0.5,255.0,50.0,50.0,0.0,0.0,1.0,0.0,1.0
15.243933695358866,2.082864148667861,5.435710022311172,0.5,255.0,50.0,50.0,0.0,0.0,1.0,0.0,1.0
0.7648726284965686,13.536729049380131,1.3781323773472745,0.5,255.0,50.0,50.0,0.0,0.0,1.0,0.0,1.0
15.389436577237385,4.910867589406069,11.023611814545259,0.5,255.0,255.0,0.0,0.0,0.0,2.0,0.0,1.0
2.4232938104578943,14.935120892828166,8.22616835979629,0.5,255.0,255.0,0.0,0.0,0.0,2.0,0.0,1.0
19.028168687150426,28.65304450944884,1.9400369004062157,0.5,255.0,50.0,50.0,0.0,0.0,1.0,0.0,1.0
19.827092208868677,6.644710359258358,13.570211598733053,0.5,255.0,50.0,50.0,0.0,0.0,1.0,0.0,1.0
25.965777355295828,18.672053722181346,14.721436747132865,0.5,255.0,255.0,0.0,0.0,0.0,2.0,0.0,1.0
18.531756565502963,23.398554454227618,4.174398171817973,0.5,255.0,50.0,50.0,0.0,0.0,1.0,0.0,1.0
29.3403063807535,15.400776073072867,10.323991452990054,0.5,255.0,50.0,50.0,0.0,0.0,1.0,0.0,1.0
10.389456675581643,16.28178787939224,10.166475943330974,0.5,255.0,255.0,0.0,0.0,0.0,2.0,0.0,1.0
17.35631794135912,19.81378652609878,7.86407595828859,0.5,255.0,255.0,0.0,0.0,0.0,2.0,0.0,1.0
23.312491778168894,23.85144250090234,4.019437601601249,0.5,255.0,255.0,0.0,0.0,0.0,2.0,0.0,1.0
24.82883511337858,9.355233989842167,5.546409888042271,0.5,255.0,50.0,50.0,0.0,0.0,1.0,0.0,1.0
17.113913686971046,17.875504944155914,12.88853631821362,0.5,255.0,255.0,0.0,0.0,0.0,2.0,0.0,1.0
24.34792465691217,4.832679225601446,0.30758719950923763,0.5,255.0,255.0,0.0,0.0,0.0,2.0,0.0,1.0
4.639962019878234,12.89573929472976,11.531655999080671,0.5,255.0,255.0,0.0,0.0,0.0,2.0,0.0,1.0
24.178317662655942,8.348849688185197,9.555978823950728,0.5,255.0,255.0,0.0,0.0,0.0,2.0,0.0,1.0
10.366558671847327,8.48516192701919,7.6618686132368,0.5,255.0,50.0,50.0,0.0,0.0,1.0,0.0,1.0
22.399762495468483,23.490595538235624,3.6027970728822316,0.5,255.0,255.0,0.0,0.0,0.0,2.0,0.0,1.0
24.73561105497583,18.66170212687551,1.3965620663197948,0.5,255.0,255.0,0.0,0.0,0.0,2.0,0.0,1.0
24.029181559366688,6.286530112121542,6.2545705058410945,0.5,255.0,255.0,0.0,0.0,0.0,2.0,0.0,1.0
5.711583897630846,12.101633983931205,2.1306625515629536,0.5,255.0,50.0,50.0,0.0,0.0,1.0,0.0,1.0
11.51117773207441,13.763251273881822,9.410089089699449,0.5,255.0,50.0,50.0,0.0,0.0,1.0,0.0,1.0
15.889570245562528,10.212268708826953,11.586115970600774,0.5,255.0,255.0,0.0,0.0,0.0,2.0,0.0,1.0
16.630624752574604,10.48548398986434,4.607933475790021,0.5,255.0,50.0,50.0,0.0,0.0,1.0,0.0,1.0
10.078200525846254,17.55700176642881,13.154794014175925,0.5,255.0,255.0,0.0,0.0,0.0,2.0,0.0,1.0
28.841447795623374,18.76536210572788,2.664013969079095,0.5,255.0,255.0,0.0,0.0,0.0,2.0,0.0,1.0
18.254106984146286,5.661562326628753,4.41568826075466,0.5,255.0,255.0,0.0,0.0,0.0,2.0,0.0,1.0
4.279268945659974,15.446885982475932,1.7787348261525553,0.5,255.0,255.0,0.0,0.0,0.0,2.0,0.0,1.0
20.23052405072659,7.711424185371222,14.590439895426398,0.5,255.0,50.0,50.0,0.0,0.0,1.0,0.0,1.0
12.488218944312399,5.046159851773627,9.556120016887775,0.5,255.0,255.0,0.0,0.0,0.0,2.0,0.0,1.0
6.7486205779130355,2.1799805367097056,6.976501267844605,0.5,255.0,255.0,0.0,0.0,0.0,2.0,0.0,1.0
5.199542901043182,8.534172395702594,5.621377377076863,0.5,255.0,50.0,50.0,0.0,0.0,1.0,0.0,1.0
27.64100597527046,8.885222783839025,12.342942598157293,0.5,255.0,255.0,0.0,0.0,0.0,2.0,0.0,1.0
24.27542622022895,3.04550916848691,6.003462877127684,0.5,255.0,50.0,50.0,0.0,0.0,1.0,0.0,1.0
7.881058939209619,16.904277290881847,0.13225662496313684,0.5,255.0,50.0,50.0,0.0,0.0,1.0,0.0,1.0
13.123415545440544,28.729478884723733,2.9274643284462156,0.5,255.0,255.0,0.0,0.0,0.0,2.0,0.0,1.0
15.226392916018328,26.987931216742435,10.664900501858217,0.5,255.0,50.0,50.0,0.0,0.0,1.0,0.0,1.0
17.89370443384579,15.814933540463505,7.68329964701441,0.5,255.0,50.0,50.0,0.0,0.0,1.0,0.0,1.0
7.412439950180286,5.431377009338518,9.338526467227418,0.5,255.0,255.0,0.0,0.0,0.0,2.0,0.0,1.0
16.769835845966398,1.0349911921368038,4.074871025863534,0.5,255.0,255.0,0.0,0.0,0.0,2.0,0.0,1.0
11.403466365359927,7.493381833588613,7.483051314092737,0.5,255.0,255.0,0.0,0.0,0.0,2.0,0.0,1.0
6.461126966871143,27.250682417200775,11.055576935079054,0.5,255.0,255.0,0.0,0.0,0.0,2.0,0.0,1.0
10.975650208673722,24.133929447080575,7.833645407689201,0.5,255.0,50.0,50.0,0.0,0.0,1.0,0.0,1.0
20.978351350221928,26.041834036946714,6.173121086042322,0.5,255.0,255.0,0.0,0.0,0.0,2.0,0.0,1.0
17.480048401822522,6.66040729767284,1.2464846923155062,0.5,255.0,255.0,0.0,0.0,0.0,2.0,0.0,1.0
24.136663405703942,25.26185782657936,6.852961115202756,0.5,255.0,255.0,0.0,0.0,0.0,2.0,0.0,1.0
20.840194348794853,11.941654988258348,7.622775408407957,0.5,255.0,50.0,50.0,0.0,0.0,1.0,0.0,1.0
1.9001152424165206,15.620505014269567,3.878673068955098,0.5,255.0,50.0,50.0,0.0,0.0,1.0,0.0,1.0
10.086579492412465,29.19144271536567,9.823451898927,0.5,255.0,50.0,50.0,0.0,0.0,1.0,0.0,1.0
20.227822499938924,24.265551937425485,12.243857618333802,0.5,255.0,255.0,0.0,0.0,0.0,2.0,0.0,1.0
12.749055244339752,16.929039492970865,14.19650994348074,0.5,255.0,50.0,50.0,0.0,0.0,1.0,0.0,1.0
16.90005987693369,14.293496873547227,5.488727883281498,0.5,255.0,50.0,50.0,0.0,0.0,1.0,0.0,1.0
22.163411517970594,15.121300373667133,9.252591815387136,0.5,255.0,50.0,50.0,0.0,0.0,1.0,0.0,1.0
13.662376588194308,9.882865481192283,10.167019330367333,0.5,255.0,255.0,0.0,0.0,0.0,2.0,0.0,1.0
15.137161565951255,19.94413234870097,14.681680259671998,0.5,255.0,50.0,50.0,0.0,0.0,1.0,0.0,1.0
13.243662848788693,17.51482918281902,3.409454294165002,0.5,255.0,255.0,0.0,0.0,0.0,2.0,0.0,1.0
20.668664661877,5.982890687876113,9.350472754340911,0.5,255.0,255.0,0.0,0.0,0.0,2.0,0.0,1.0
11.263594550168866,12.715160782903528,0.816284384388247,0.5,255.0,255.0,0.0,0.0,0.0,2.0,0.0,1.0
17.03626057472982,4.771955879290185,1.145470424872142,0.5,255.0,255.0,0.0,0.0,0.0,2.0,0.0,1.0
26.295607440581396,15.67026793475728,3.5287535674100834,0.5,255.0,50.0,50.0,0.0,0.0,1.0,0.0,1.0
19.411499685786453,22.29925051041238,10.611381682320085,0.5,255.0,50.0,50.0,0.0,0.0,1.0,0.0,1.0
28.596358299886425,17.003288228124394,11.723509004511147,0.5,255.0,255.0,0.0,0.0,0.0,2.0,0.0,1.0
14.664013015825487,27.84091154741756,12.596631765735783,0.5,255.0,50.0,50.0,0.0,0.0,1.0,0.0,1.0
25.141637224037247,8.119307680137123,13.316488082355649,0.5,255.0,255.0,0.0,0.0,0.0,2.0,0.0,1.0
23.80247142335737,5.7068111814247295,14.476664676564162,0.5,255.0,50.0,50.0,0.0,0.0,1.0,0.0,1.0
24.655673924634126,12.168294132640936,12.473276290864774,0.5,255.0,50.0,50.0,0.0,0.0,1.0,0.0,1.0
21.254397526161956,24.805319015810312,12.775205739884667,0.5,255.0,255.0,0.0,0.0,0.0,2.0,0.0,1.0
13.642255656179456,11.844798168761509,13.505431806970316,0.5,255.0,50.0,50.0,0.0,0.0,1.0,0.0,1.0
19.340562542462724,8.201580929375078,12.989027898959431,0.5,255.0,255.0,0.0,0.0,0.0,2.0,0.0,1.0
14.198137884885751,7.795183808047923,8.4465979877765,0.5,255.0,50.0,50.0,0.0,0.0,1.0,0.0,1.0
25.376263851774947,16.393483477219284,3.2215097321794293,0.5,255.0,50.0,50.0,0.0,0.0,1.0,0.0,1.0
14.573409116094718,4.686131870500377,7.9901110347381,0.5,255.0,255.0,0.0,0.0,0.0,2.0,0.0,1.0
6.811513702152323,15.04672883573949,4.615434927122505,0.5,255.0,255.0,0.0,0.0,0.0,2.0,0.0,1.0
4.337229883184644,20.083380504481298,6.216525440022027,0.5,255.0,50.0,50.0,0.0,0.0,1.0,0.0,1.0
4.870034909482994,4.617811129786735,6.252375130836643,0.5,255.0,50.0,50.0,0.0,0.0,1.0,0.0,1.0
2.1153526665954847,12.713924254854422,14.324482696796329,0.5,255.0,255.0,0.0,0.0,0.0,2.0,0.0,1.0
8.169069894689162,15.275591193221134,1.9801639033151988,0.5,255.0,50.0,50.0,0.0,0.0,1.0,0.0,1.0
27.26156625871135,10.214490694237645,1.0056972312131425,0.5,255.0,50.0,50.0,0.0,0.0,1.0,0.0,1.0
5.511758106998824,15.339433321668638,4.666042080376426,0.5,255.0,50.0,50.0,0.0,0.0,1.0,0.0,1.0
4.846181119506123,14.008117920463109,7.700508930071232,0.5,255.0,255.0,0.0,0.0,0.0,2.0,0.0,1.0
18.950303569969126,16.83032040761248,13.216680297416607,0.5,255.0,50.0,50.0,0.0,0.0,1.0,0.0,1.0
16.117737906321864,18.735697722223687,8.274851229718228,0.5,255.0,50.0,50.0,0.0,0.0,1.0,0.0,1.0
22.32779815395786,13.331838959864239,11.91692343158603,0.5,255.0,50.0,50.0,0.0,0.0,1.0,0.0,1.0
17.554179175143233,27.178582780046252,12.661925523587186,0.5,255.0,50.0,50.0,0.0,0.0,1.0,0.0,1.0
2.996242721782627,17.324012369960673,1.4628714396532712,0.5,255.0,50.0,50.0,0.0,0.0,1.0,0.0,1.0
5.736191823512411,23.105408019496796,4.423412921338281,0.5,255.0,255.0,0.0,0.0,0.0,2.0,0.0,1.0
15.9078038790981,26.96896613182749,13.228844189889456,0.5,255.0,50.0,50.0,0.0,0.0,1.0,0.0,1.0
6.4289716341621395,19.014969562086453,1.6460184281620254,0.5,255.0,50.0,50.0,0.0,0.0,1.0,0.0,1.0
27.373319437243836,13.599144959012325,6.098462310595463,0.5,255.0,50.0,50.0,0.0,0.0,1.0,0.0,1.0
10.706028751549363,12.004130118597974,0.9260228611152231,0.5,255.0,255.0,0.0,0.0,0.0,2.0,0.0,1.0
11.496791231580477,13.519060040757921,7.434669542773059,0.5,255.0,255.0,0.0,0.0,0.0,2.0,0.0,1.0
15.430869122688712,12.983935634949033,10.532576330635374,0.5,255.0,50.0,50.0,0.0,0.0,1.0,0.0,1.0
5.622187853699942,10.951212607020867,13.028552489017054,0.5,255.0,50.0,50.0,0.0,0.0,1.0,0.0,1.0
18.779060344164176,14.265123484039096,15.234870520779142,0.5,255.0,50.0,50.0,0.0,0.0,1.0,0.0,1.0
7.299514098621937,2.5624060549046552,6.275036748641643,0.5,255.0,50.0,50.0,0.0,0.0,1.0,0.0,1.0
13.285497082384147,18.202378584655765,1.2564917315659903,0.5,255.0,50.0,50.0,0.0,0.0,1.0,0.0,1.0
8.167164897697443,9.39700211425618,11.856350909327544,0.5,255.0,50.0,50.0,0.0,0.0,1.0,0.0,1.0
15.85266658771406,16.071234167437392,4.005734243363287,0.5,255.0,255.0,0.0,0.0,0.0,2.0,0.0,1.0
24.450091456935333,15.81454407566343,3.4434154131613783,0.5,255.0,50.0,50.0,0.0,0.0,1.0,0.0,1.0
9.662518488431079,13.725055930090031,6.567386753268431,0.5,255.0,50.0,50.0,0.0,0.0,1.0,0.0,1.0
12.338096156403049,12.405263261538595,13.94514921082018,0.5,255.0,255.0,0.0,0.0,0.0,2.0,0.0,1.0
24.94357634971499,5.751589325001911,4.228862705045288,0.5,255.0,50.0,50.0,0.0,0.0,1.0,0.0,1.0
24.092452157399933,17.159545876180943,1.5598645124635657,0.5,255.0,50.0,50.0,0.0,0.0,1.0,0.0,1.0
28.246488325475642,10.115156852147473,1.482026184718528,0.5,255.0,255.0,0.0,0.0,0.0,2.0,0.0,1.0
6.485789271104725,19.125177492569613,8.62464728356293,0.5,255.0,50.0,50.0,0.0,0.0,1.0,0.0,1.0
28.125910657689552,18.212556272996995,11.870626826594826,0.5,255.0,50.0,50.0,0.0,0.0,1.0,0.0,1.0
16.869915208115028,16.965409437075465,13.736251759269566,0.5,255.0,50.0,50.0,0.0,0.0,1.0,0.0,1.0
23.68296068990092,6.001718675092911,13.567986667875312,0.5,255.0,50.0,50.0,0.0,0.0,1.0,0.0,1.0
3.6782259151534342,13.635489754181737,0.21922931629339842,0.5,255.0,50.0,50.0,0.0,0.0,1.0,0.0,1.0
7.923304174755744,26.4401214080777,9.644400693698188,0.5,255.0,255.0,0.0,0.0,0.0,2.0,0.0,1.0
12.167610802185445,25.97846810078067,13.368234869388559,0.5,255.0,255.0,0.0,0.0,0.0,2.0,0.0,1.0
18.41602048236927,15.508139900041236,13.772841320339337,0.5,255.0,255.0,0.0,0.0,0.0,2.0,0.0,1.0
12.476914461180918,10.897578839688016,13.661017233338256,0.5,255.0,255.0,0.0,0.0,0.0,2.0,0.0,1.0
15.486910882684938,7.4862054744147,11.042176755964185,0.5,255.0,50.0,50.0,0.0,0.0,1.0,0.0,1.0
9.38072373542952,3.15401274718431,11.54215751435142,0.5,255.0,255.0,0.0,0.0,0.0,2.0,0.0,1.0
16.804224920980968,27.07680316863667,11.670007319122199,0.5,255.0,50.0,50.0,0.0,0.0,1.0,0.0,1.0
20.625849095082053,6.8023829932965825,13.60096247571745,0.5,255.0,50.0,50.0,0.0,0.0,1.0,0.0,1.0
11.268459233906551,8.977871101683121,1.595158067311818,0.5,255.0,50.0,50.0,0.0,0.0,1.0,0.0,1.0
0.48095972618649574,13.123788456639257,2.4417424274399915,0.5,255.0,255.0,0.0,0.0,0.0,2.0,0.0,1.0
17.742216072728198,17.318337898994866,12.401198070095607,0.5,255.0,255.0,0.0,0.0,0.0,2.0,0.0,1.0
6.045111363829104,3.0564248039329045,7.497414097133861,0.5,255.0,255.0,0.0,0.0,0.0,2.0,0.0,1.0
20.058266611059363,17.307621300381577,1.9358191868313233,0.5,255.0,255.0,0.0,0.0,0.0,2.0,0.0,1.0
18.9420559120633,6.750902873340977,8.838007378966076,0.5,255.0,50.0,50.0,0.0,0.0,1.0,0.0,1.0
11.865407572641011,19.836400817645945,13.909751825549751,0.5,255.0,50.0,50.0,0.0,0.0,1.0,0.0,1.0
6.3093477264105795,23.95540861999456,11.262691301448996,0.5,255.0,255.0,0.0,0.0,0.0,2.0,0.0,1.0
6.983367169423382,19.433590830867985,2.315317683324318,0.5,255.0,255.0,0.0,0.0,0.0,2.0,0.0,1.0
19.145683731513998,16.3532319188732,14.488387023897637,0.5,255.0,50.0,50.0,0.0,0.0,1.0,0.0,1.0
7.983548190893275,16.705227694882954,2.0126873499101694,0.5,255.0,255.0,0.0,0.0,0.0,2.0,0.0,1.0
21.1014307309745,28.684655276990906,6.660026967755457,0.5,255.0,50.0,50.0,0.0,0.0,1.0,0.0,1.0
25.92612388666889,5.604344529324689,11.604353259975644,0.5,255.0,255.0,0.0,0.0,0.0,2.0,0.0,1.0
21.377267748065158,12.029552382498276,8.720836919394827,0.5,255.0,255.0,0.0,0.0,0.0,2.0,0.0,1.0
24.306150667525525,6.848585343898619,3.443588470731382,0.5,255.0,255.0,0.0,0.0,0.0,2.0,0.0,1.0
4.660636021974733,5.834487746201483,0.17446304634183157,0.5,255.0,50.0,50.0,0.0,0.0,1.0,0.0,1.0
2.2571839828569638,16.050447880098236,7.1065706734050265,0.5,255.0,50.0,50.0,0.0,0.0,1.0,0.0,1.0
21.73583535420661,18.698306860066484,1.1566970914824757,0.5,255.0,50.0,50.0,0.0,0.0,1.0,0.0,1.0
21.43948852540943,14.310234857490531,9.417768639091445,0.5,255.0,50.0,50.0,0.0,0.0,1.0,0.0,1.0
21.646451430438812,17.907588735692205,6.8359185355136,0.5,255.0,255.0,0.0,0.0,0.0,2.0,0.0,1.0
7.53530054716811,13.735284038417953,5.819098687110287,0.5,255.0,50.0,50.0,0.0,0.0,1.0,0.0,1.0
6.383600585761306,20.386458811958896,9.171408064606329,0.5,255.0,50.0,50.0,0.0,0.0,1.0,0.0,1.0
6.45434037343756,25.463051552646665,1.6760885083822954,0.5,255.0,50.0,50.0,0.0,0.0,1.0,0.0,1.0
20.59875827201133,14.366628031865648,1.9553143264355508,0.5,255.0,255.0,0.0,0.0,0.0,2.0,0.0,1.0
20.138817735582958,11.679828237714943,8.709597099365157,0.5,255.0,255.0,0.0,0.0,0.0,2.0,0.0,1.0
21.47450053299517,19.202024701962955,5.176397812734915,0.5,255.0,50.0,50.0,0.0,0.0,1.0,0.0,1.0
22.581342966103286,17.20861873835795,12.772823988583333,0.5,255.0,50.0,50.0,0.0,0.0,1.0,0.0,1.0
10.645011910422513,3.831446397399598,5.432493657870111,0.5,255.0,50.0,50.0,0.0,0.0,1.0,0.0,1.0
13.84465318554098,18.11248538555905,2.366458156802513,0.5,255.0,255.0,0.0,0.0,0.0,2.0,0.0,1.0
23.295544302241424,13.68356278467137,1.0632941702013423,0.5,255.0,255.0,0.0,0.0,0.0,2.0,0.0,1.0
14.89540051411642,4.787267941719,7.160508896329693,0.5,255.0,255.0,0.0,0.0,0.0,2.0,0.0,1.0
26.343436099688244,12.687259361350607,9.768754465779129,0.5,255.0,50.0,50.0,0.0,0.0,1.0,0.0,1.0
9.090271045295639,21.936502997226608,7.335830827225009,0.5,255.0,50.0,50.0,0.0,0.0,1.0,0.0,1.0
26.948338096503218,10.655659101013716,0.0,0.5,255.0,50.0,50.0,0.0,0.0,1.0,0.0,1.0
16.951528856236386,7.763773126154115,3.575239862237332,0.5,255.0,50.0,50.0,0.0,0.0,1.0,0.0,1.0
19.94603546810964,14.37765320246945,10.296714636249318,0.5,255.0,255.0,0.0,0.0,0.0,2.0,0.0,1.0
11.569674318858173,23.71696389006541,5.311520719386976,0.5,255.0,255.0,0.0,0.0,0.0,2.0,0.0,1.0
28.125857834128148,22.598960601133466,7.400477402447684,0.5,255.0,50.0,50.0,0.0,0.0,1.0,0.0,1.0
6.721633484906224,19.60641904404858,9.863562768847206,0.5,255.0,50.0,50.0,0.0,0.0,1.0,0.0,1.0
14.196682081963695,10.791485768179195,10.234633861836208,0.5,255.0,255.0,0.0,0.0,0.0,2.0,0.0,1.0
9.088488260628143,12.849361925798782,5.731136949967743,0.5,255.0,50.0,50.0,0.0,0.0,1.0,0.0,1.0
22.46688987573181,26.076412303473298,7.02638717443948,0.5,255.0,50.0,50.0,0.0,0.0,1.0,0.0,1.0
14.522079846445344,27.510760008165306,0.7313936835188062,0.5,255.0,255.0,0.0,0.0,0.0,2.0,0.0,1.0
29.24394549612941,16.115737740184326,10.949667054195247,0.5,255.0,50.0,50.0,0.0,0.0,1.0,0.0,1.0
23.556982654197938,24.850903154560775,6.407237308029183,0.5,255.0,255.0,0.0,0.0,0.0,2.0,0.0,1.0
6.451684070947539,26.32976004019359,10.913411106081387,0.5,255.0,50.0,50.0,0.0,0.0,1.0,0.0,1.0
3.8825864975971425,19.519990656234448,5.422759257659798,0.5,255.0,255.0,0.0,0.0,0.0,2.0,0.0,1.0
27.528879852997644,18.904893811619342,6.876832268025014,0.5,255.0,50.0,50.0,0.0,0.0,1.0,0.0,1.0
21.00435284300501,14.089721483237348,10.447106399335636,0.5,255.0,255.0,0.0,0.0,0.0,2.0,0.0,1.0
23.57719822827273,7.140320051845199,9.857333387595784,0.5,255.0,255.0,0.0,0.0,0.0,2.0,0.0,1.0
18.173489436798214,7.221471739596024,5.112476597604094,0.5,255.0,255.0,0.0,0.0,0.0,2.0,0.0,1.0
21.74915100094167,11.157047097357001,4.95545648917073,0.5,255.0,255.0,0.0,0.0,0.0,2.0,0.0,1.0
28.401423876913206,12.973851479353044,12.441870076002138,0.5,255.0,50.0,50.0,0.0,0.0,1.0,0.0,1.0
19.460735463786882,14.074939847484226,11.133307818922985,0.5,255.0,255.0,0.0,0.0,0.0,2.0,0.0,1.0
6.335767586653484,12.999147001036718,8.910654212224951,0.5,255.0,50.0,50.0,0.0,0.0,1.0,0.0,1.0
23.21470236899679,25.551346124930696,7.494311577849997,0.5,255.0,255.0,0.0,0.0,0.0,2.0,0.0,1.0
14.440248488249097,11.51123783089428,5.409410914748314,0.5,255.0,255.0,0.0,0.0,0.0,2.0,0.0,1.0
7.620850857427995,24.976283826296797,6.243062417625629,0.5,255.0,50.0,50.0,0.0,0.0,1.0,0.0,1.0
9.372701362796395,27.763119616697956,4.657390164035905,0.5,255.0,50.0,50.0,0.0,0.0,1.0,0.0,1.0
26.714532202943897,13.714294454616013,9.308171527656233,0.5,255.0,255.0,0.0,0.0,0.0,2.0,0.0,1.0
16.655842508971983,20.095263190593,2.740632525350288,0.5,255.0,50.0,50.0,0.0,0.0,1.0,0.0,1.0
20.371528407594276,6.080269173452037,12.230577528904938,0.5,255.0,50.0,50.0,0.0,0.0,1.0,0.0,1.0
18.496596629335883,23.49421563457234,5.065108197683479,0.5,255.0,50.0,50.0,0.0,0.0,1.0,0.0,1.0
18.600281655908624,7.087154013800624,4.191398641142897,0.5,255.0,255.0,0.0,0.0,0.0,2.0,0.0,1.0
21.06738787342832,11.968738193126686,4.111526764475294,0.5,255.0,255.0,0.0,0.0,0.0,2.0,0.0,1.0
11.125087765387724,24.463237250557714,8.979137941538038,0.5,255.0,255.0,0.0,0.0,0.0,2.0,0.0,1.0
4.774922926673534,12.912393337877017,12.543100843604286,0.5,255.0,50.0,50.0,0.0,0.0,1.0,0.0,1.0
13.60850783013132,5.279790417172681,4.132829805485697,0.5,255.0,255.0,0.0,0.0,0.0,2.0,0.0,1.0
7.904305845273435,8.502949459191528,9.6768814047869,0.5,255.0,255.0,0.0,0.0,0.0,2.0,0.0,1.0
9.390961728486943,23.421267750403306,14.911778476972348,0.5,255.0,255.0,0.0,0.0,0.0,2.0,0.0,1.0
8.09135597688788,18.751410055565028,6.345896837808153,0.5,255.0,255.0,0.0,0.0,0.0,2.0,0.0,1.0
5.596357039888011,12.865409977275103,13.706615469639098,0.5,255.0,255.0,0.0,0.0,0.0,2.0,0.0,1.0
20.15541970777382,13.462458640124794,10.060229776272681,0.5,255.0,255.0,0.0,0.0,0.0,2.0,0.0,1.0
10.31227122416221,10.375108937805177,0.8938136392295276,0.5,255.0,50.0,50.0,0.0,0.0,1.0,0.0,1.0
22.110071465517212,26.601443305690534,5.44682650878505,0.5,255.0,255.0,0.0,0.0,0.0,2.0,0.0,1.0
18.21796594906059,18.395480395135767,13.461795351426593,0.5,255.0,255.0,0.0,0.0,0.0,2.0,0.0,1.0
5.807830927141258,18.501182168292143,9.610013260381344,0.5,255.0,50.0,50.0,0.0,0.0,1.0,0.0,1.0
14.96545078896877,25.23107696655348,7.52640182076666,0.5,255.0,255.0,0.0,0.0,0.0,2.0,0.0,1.0
11.42052154520184,24.49191890133219,4.814665336680226,0.5,255.0,255.0,0.0,0.0,0.0,2.0,0.0,1.0
11.40854614980345,22.293350378180907,3.948365843953357,0.5,255.0,50.0,50.0,0.0,0.0,1.0,0.0,1.0
14.974764179230851,17.322164420398316,3.224887728314398,0.5,255.0,50.0,50.0,0.0,0.0,1.0,0.0,1.0
20.81888838146187,10.750283979665626,4.770177679542561,0.5,255.0,255.0,0.0,0.0,0.0,2.0,0.0,1.0
17.06334566444541,11.76490474503235,4.235971274298875,0.5,255.0,50.0,50.0,0.0,0.0,1.0,0.0,1.0
18.57934127684735,6.038748892495928,7.864319016594388,0.5,255.0,50.0,50.0,0.0,0.0,1.0,0.0,1.0
24.530150993670336,12.478956818441375,8.213077669466994,0.5,255.0,50.0,50.0,0.0,0.0,1.0,0.0,1.0
7.5044939812021205,5.196815339707935,2.4024958887238057,0.5,255.0,50.0,50.0,0.0,0.0,1.0,0.0,1.0
9.589096489114137,9.58591253051897,5.213958370556838,0.5,255.0,50.0,50.0,0.0,0.0,1.0,0.0,1.0
6.022727450066745,6.386200366550371,13.105811384086305,0.5,255.0,255.0,0.0,0.0,0.0,2.0,0.0,1.0
5.065776414960886,19.314594328638545,2.8989698996852393,0.5,255.0,255.0,0.0,0.0,0.0,2.0,0.0,1.0
27.66091904336849,20.666103550994748,9.78234185865957,0.5,255.0,50.0,50.0,0.0,0.0,1.0,0.0,1.0
15.651531824009123,7.556504444831883,3.46108951757368,0.5,255.0,50.0,50.0,0.0,0.0,1.0,0.0,1.0
24.706669325484206,23.226077312891796,12.073035041827755,0.5,255.0,50.0,50.0,0.0,0.0,1.0,0.0,1.0
19.747284418472375,20.647344282386626,11.942955337274496,0.5,255.0,255.0,0.0,0.0,0.0,2.0,0.0,1.0
9.533573188583313,4.67560534594058,9.208867725230627,0.5,255.0,255.0,0.0,0.0,0.0,2.0,0.0,1.0
12.37267995800634,15.6540281545526,13.981607644124917,0.5,255.0,50.0,50.0,0.0,0.0,1.0,0.0,1.0
7.793362431453379,7.649628448610227,9.774912021156396,0.5,255.0,255.0,0.0,0.0,0.0,2.0,0.0,1.0
13.615590251302434,24.554327285717825,11.070225811966974,0.5,255.0,255.0,0.0,0.0,0.0,2.0,0.0,1.0
27.78766923201274,18.54356742088053,12.56290795713737,0.5,255.0,50.0,50.0,0.0,0.0,1.0,0.0,1.0
5.303842427188519,10.825221911941735,12.149626307683196,0.5,255.0,50.0,50.0,0.0,0.0,1.0,0.0,1.0
22.623611175496386,17.416951979774293,11.93785606376585,0.5,255.0,50.0,50.0,0.0,0.0,1.0,0.0,1.0
15.877578477923105,17.845754335002404,7.474116368794253,0.5,255.0,50.0,50.0,0.0,0.0,1.0,0.0,1.0
28.340905647932,19.06903510279021,3.330296830391442,0.5,255.0,255.0,0.0,0.0,0.0,2.0,0.0,1.0
8.478079676100672,11.92082582863914,6.380739526836022,0.5,255.0,50.0,50.0,0.0,0.0,1.0,0.0,1.0
3.958452576060528,12.723797649964641,7.527286588931078,0.5,255.0,50.0,50.0,0.0,0.0,1.0,0.0,1.0
21.58262636141917,19.844606620356693,6.414664642257639,0.5,255.0,50.0,50.0,0.0,0.0,1.0,0.0,1.0
11.59673448033196,25.58109335035682,8.364672204017593,0.5,255.0,255.0,0.0,0.0,0.0,2.0,0.0,1.0
13.407797042105411,7.088747214298176,7.315654989443075,0.5,255.0,50.0,50.0,0.0,0.0,1.0,0.0,1.0
12.250435507657869,27.08650796342215,5.080677244875586,0.5,255.0,255.0,0.0,0.0,0.0,2.0,0.0,1.0
23.59708795384826,6.613113628450935,14.28175567621008,0.5,255.0,50.0,50.0,0.0,0.0,1.0,0.0,1.0
14.786019534098207,26.910766228845574,13.01340936960371,0.5,255.0,255.0,0.0,0.0,0.0,2.0,0.0,1.0
10.621682919300055,4.582563353064144,0.3190723142047052,0.5,255.0,50.0,50.0,0.0,0.0,1.0,0.0,1.0
6.3530433903101695,20.7215111428708,14.054472070740182,0.5,255.0,50.0,50.0,0.0,0.0,1.0,0.0,1.0
17.950120255092735,18.241795387349075,12.58683028779574,0.5,255.0,255.0,0.0,0.0,0.0,2.0,0.0,1.0
13.429638531339107,13.085326937680735,7.983555176273627,0.5,255.0,255.0,0.0,0.0,0.0,2.0,0.0,1.0
13.437206091625693,0.8767644076498211,12.996359782078155,0.5,255.0,50.0,50.0,0.0,0.0,1.0,0.0,1.0
20.063528252645213,28.135218145908407,8.420195870848632,0.5,255.0,50.0,50.0,0.0,0.0,1.0,0.0,1.0
12.045514714995722,24.197606203678298,8.655058817610538,0.5,255.0,50.0,50.0,0.0,0.0,1.0,0.0,1.0
12.837117803426512,11.194459098775427,14.651366493028796,0.5,255.0,255.0,0.0,0.0,0.0,2.0,0.0,1.0
5.306964745006987,10.23974158954893,1.456415019193795,0.5,255.0,255.0,0.0,0.0,0.0,2.0,0.0,1.0
2.400598974080568,15.51645616963214,9.042109781714721,0.5,255.0,255.0,0.0,0.0,0.0,2.0,0.0,1.0
24.11576778512038,3.851555619434424,11.048718747328742,0.5,255.0,50.0,50.0,0.0,0.0,1.0,0.0,1.0
23.72768300542305,4.808600369853097,11.283079012104164,0.5,255.0,50.0,50.0,0.0,0.0,1.0,0.0,1.0
21.562606854683267,6.72362016543612,11.8635423869798,0.5,255.0,50.0,50.0,0.0,0.0,1.0,0.0,1.0
8.176167815186362,22.914895147308318,3.676278924607721,0.5,255.0,255.0,0.0,0.0,0.0,2.0,0.0,1.0
8.93409459827281,8.40817446699202,11.804832357098123,0.5,255.0,255.0,0.0,0.0,0.0,2.0,0.0,1.0
9.344793604748752,9.385946186971125,11.420252121283776,0.5,255.0,50.0,50.0,0.0,0.0,1.0,0.0,1.0
24.836040195906374,16.485154462214922,13.157388213287502,0.5,255.0,255.0,0.0,0.0,0.0,2.0,0.0,1.0
24.850453846812282,7.243428026017606,9.042377991511042,0.5,255.0,50.0,50.0,0.0,0.0,1.0,0.0,1.0
0.6476226137561264,20.740855462371496,11.144311116351364,0.5,255.0,255.0,0.0,0.0,0.0,2.0,0.0,1.0
15.927884517020045,24.66165663618282,10.771363974353038,0.5,255.0,50.0,50.0,0.0,0.0,1.0,0.0,1.0
27.08984167947102,21.618336456047594,6.86373406558032,0.5,255.0,50.0,50.0,0.0,0.0,1.0,0.0,1.0
1.6519959523620775,21.8742837652296,11.08897750466421,0.5,255.0,255.0,0.0,0.0,0.0,2.0,0.0,1.0
9.638570345514541,22.29240111412326,14.215231518621277,0.5,255.0,255.0,0.0,0.0,0.0,2.0,0.0,1.0
6.410436485786848,11.632148266561675,9.074776886842558,0.5,255.0,50.0,50.0,0.0,0.0,1.0,0.0,1.0
25.451370326321875,7.571113291446,14.606671581103607,0.5,255.0,50.0,50.0,0.0,0.0,1.0,0.0,1.0
2.101433092308961,19.13758208599312,12.73000040775344,0.5,255.0,50.0,50.0,0.0,0.0,1.0,0.0,1.0
23.95160247930791,16.363225805964774,2.6067343894623387,0.5,255.0,50.0,50.0,0.0,0.0,1.0,0.0,1.0
15.277333424843178,6.7835738102049445,12.033883450654928,0.5,255.0,50.0,50.0,0.0,0.0,1.0,0.0,1.0
16.23635403501106,8.433036406262818,3.1429031348582317,0.5,255.0,255.0,0.0,0.0,0.0,2.0,0.0,1.0
11.187178985806241,10.235213245029845,14.72123624532274,0.5,255.0,50.0,50.0,0.0,0.0,1.0,0.0,1.0
4.003906155517099,6.102238373371481,1.225905955687621,0.5,255.0,50.0,50.0,0.0,0.0,1.0,0.0,1.0
7.91811690648455,19.21379500882105,6.93773155432583,0.5,255.0,255.0,0.0,0.0,0.0,2.0,0.0,1.0
10.51191558079108,18.88779047956337,8.083463403478609,0.5,255.0,50.0,50.0,0.0,0.0,1.0,0.0,1.0
28.122030389862264,12.537786937821682,11.98902274362805,0.5,255.0,50.0,50.0,0.0,0.0,1.0,0.0,1.0
21.407075296546754,17.903003611410227,1.3887727185292131,0.5,255.0,50.0,50.0,0.0,0.0,1.0,0.0,1.0
14.887478769183776,10.954776668475358,5.124169577448767,0.5,255.0,255.0,0.0,0.0,0.0,2.0,0.0,1.0
7.359572421777595,23.77924336586914,10.938418660490044,0.5,255.0,255.0,0.0,0.0,0.0,2.0,0.0,1.0
5.2360996204476375,25.487132868274852,1.510978479956743,0.5,255.0,255.0,0.0,0.0,0.0,2.0,0.0,1.0
23.165273204659915,21.68049417812459,7.209637508952047,0.5,255.0,255.0,0.0,0.0,0.0,2.0,0.0,1.0
20.43398355861273,4.342387434401748,10.106209144463493,0.5,255.0,255.0,0.0,0.0,0.0,2.0,0.0,1.0
5.708116837106792,3.3134112202373425,13.477592719682,0.5,255.0,50.0,50.0,0.0,0.0,1.0,0.0,1.0
2.0404611603155804,19.917972175988673,7.050754324872815,0.5,255.0,255.0,0.0,0.0,0.0,2.0,0.0,1.0
14.838388119988542,25.62175362411158,6.668238778571966,0.5,255.0,255.0,0.0,0.0,0.0,2.0,0.0,1.0
5.184103046586844,12.292219872806935,9.287443121766223,0.5,255.0,50.0,50.0,0.0,0.0,1.0,0.0,1.0
20.867972137857492,13.765676562032358,13.841079870403702,0.5,255.0,255.0,0.0,0.0,0.0,2.0,0.0,1.0
18.982017232426266,4.464151400146511,10.305593311789846,0.5,255.0,255.0,0.0,0.0,0.0,2.0,0.0,1.0
21.642730472707502,7.7985890995568425,4.686447982911309,0.5,255.0,50.0,50.0,0.0,0.0,1.0,0.0,1.0
17.714636968161486,5.912885619706212,12.659021225541197,0.5,255.0,50.0,50.0,0.0,0.0,1.0,0.0,1.0
16.106662103881817,13.114148114601377,12.501107250561397,0.5,255.0,50.0,50.0,0.0,0.0,1.0,0.0,1.0
26.722228155635047,16.589788179221703,10.536489646418065,0.5,255.0,50.0,50.0,0.0,0.0,1.0,0.0,1.0
24.344532709182687,23.89937540686126,13.176492953474723,0.5,255.0,255.0,0.0,0.0,0.0,2.0,0.0,1.0
3.8383738998219323,23.865520674868407,6.609066471927335,0.5,255.0,255.0,0.0,0.0,0.0,2.0,0.0,1.0
10.778711634014526,13.487890914202397,10.600686089464427,0.5,255.0,255.0,0.0,0.0,0.0,2.0,0.0,1.0
9.302115774441484,4.746411248421489,7.795696135595799,0.5,255.0,255.0,0.0,0.0,0.0,2.0,0.0,1.0
17.293958714728635,10.35681172129335,11.138700808813262,0.5,255.0,255.0,0.0,0.0,0.0,2.0,0.0,1.0
5.783468505367493,6.722840151571099,14.387336909606459,0.5,255.0,50.0,50.0,0.0,0.0,1.0,0.0,1.0
7.481956533186914,20.74901699784547,13.544894591970394,0.5,255.0,50.0,50.0,0.0,0.0,1.0,0.0,1.0
4.970575835632126,22.445147815621556,4.246192633870471,0.5,255.0,50.0,50.0,0.0,0.0,1.0,0.0,1.0
9.644336894373389,9.337264994190122,4.0750996137495825,0.5,255.0,255.0,0.0,0.0,0.0,2.0,0.0,1.0
16.681406293255012,22.19496264467715,8.300260334843832,0.5,255.0,255.0,0.0,0.0,0.0,2.0,0.0,1.0
15.000663543115131,16.367046012973518,3.890228381034269,0.5,255.0,50.0,50.0,0.0,0.0,1.0,0.0,1.0
7.570704405777511,21.608032929333856,14.59171977276405,0.5,255.0,255.0,0.0,0.0,0.0,2.0,0.0,1.0
15.088368354025318,28.48799688694275,1.834028002616104,0.5,255.0,255.0,0.0,0.0,0.0,2.0,0.0,1.0
24.760334657747073,9.451350078887755,1.8922181961314386,0.5,255.0,50.0,50.0,0.0,0.0,1.0,0.0,1.0
8.577677054204129,18.742688727636725,6.992272475525997,0.5,255.0,255.0,0.0,0.0,0.0,2.0,0.0,1.0
3.2753556130745554,14.579484280705287,7.058097712289264,0.5,255.0,50.0,50.0,0.0,0.0,1.0,0.0,1.0
19.062960472380706,24.064065401523752,4.610627659173907,0.5,255.0,50.0,50.0,0.0,0.0,1.0,0.0,1.0
21.77332943828871,17.82215971210806,12.348736237697347,0.5,255.0,50.0,50.0,0.0,0.0,1.0,0.0,1.0
28.656776576161654,15.172089893976235,10.005200440662598,0.5,255.0,50.0,50.0,0.0,0.0,1.0,0.0,1.0
17.465447224970855,14.61736877007839,1.1829384906905593,0.5,255.0,255.0,0.0,0.0,0.0,2.0,0.0,1.0
19.70422741775134,5.741851280077597,10.424726692941313,0.5,255.0,255.0,0.0,0.0,0.0,2.0,0.0,1.0
11.242561303297053,23.71635102831831,4.4734779603782115,0.5,255.0,255.0,0.0,0.0,0.0,2.0,0.0,1.0
4.432120884797789,15.455230380013825,5.019910213331805,0.5,255.0,255.0,0.0,0.0,0.0,2.0,0.0,1.0
24.849363053549244,4.221904018990946,11.582462968803117,0.5,255.0,50.0,50.0,0.0,0.0,1.0,0.0,1.0
16.760146620309307,28.737154065943336,13.581016128458206,0.5,255.0,255.0,0.0,0.0,0.0,2.0,0.0,1.0
2.9207039533490136,22.6794114507919,7.222808871477203,0.5,255.0,50.0,50.0,0.0,0.0,1.0,0.0,1.0
18.66553659218435,22.963243988731094,8.056160948977267,0.5,255.0,255.0,0.0,0.0,0.0,2.0,0.0,1.0
1.1973029860830657,13.723725263427076,14.51474343710633,0.5,255.0,50.0,50.0,0.0,0.0,1.0,0.0,1.0
8.237208906580719,24.267784202298117,3.0993789329957444,0.5,255.0,255.0,0.0,0.0,0.0,2.0,0.0,1.0
7.0072096281749365,4.554139315216307,5.2494348062867955,0.5,255.0,50.0,50.0,0.0,0.0,1.0,0.0,1.0
22.68277138240469,26.558640673141735,4.784298128082433,0.5,255.0,255.0,0.0,0.0,0.0,2.0,0.0,1.0
8.359319213271059,16.751813369009284,0.28663748720870036,0.5,255.0,50.0,50.0,0.0,0.0,1.0,0.0,1.0
20.882387348648948,10.652953165092493,13.127527143241561,0.5,255.0,50.0,50.0,0.0,0.0,1.0,0.0,1.0
14.937381982895248,5.061527236418219,8.955620338866744,0.5,255.0,50.0,50.0,0.0,0.0,1.0,0.0,1.0
7.5309829158747075,25.74929407043045,8.55060027836709,0.5,255.0,255.0,0.0,0.0,0.0,2.0,0.0,1.0
14.521591480275161,5.932703507444769,7.763737366752797,0.5,255.0,255.0,0.0,0.0,0.0,2.0,0.0,1.0
17.147840102798956,22.847867724743367,8.19669286865351,0.5,255.0,50.0,50.0,0.0,0.0,1.0,0.0,1.0
12.513871166472041,6.143637193523243,2.7413296196168893,0.5,255.0,255.0,0.0,0.0,0.0,2.0,0.0,1.0
9.743120998918949,28.579755637703236,8.956131637180622,0.5,255.0,50.0,50.0,0.0,0.0,1.0,0.0,1.0
17.43282963290145,4.222361193956321,13.348949598698526,0.5,255.0,50.0,50.0,0.0,0.0,1.0,0.0,1.0
10.48399170097042,28.28054443472025,4.322644035961287,0.5,255.0,50.0,50.0,0.0,0.0,1.0,0.0,1.0
14.138857131436438,29.529241025910565,3.392919814999949,0.5,255.0,255.0,0.0,0.0,0.0,2.0,0.0,1.0
6.900530894911527,14.20512675645581,8.613047715282798,0.5,255.0,50.0,50.0,0.0,0.0,1.0,0.0,1.0
11.755685269193089,3.0560718051909794,5.941680605441781,0.5,255.0,50.0,50.0,0.0,0.0,1.0,0.0,1.0
22.892997911129942,17.362611382895548,3.2870812441946664,0.5,255.0,255.0,0.0,0.0,0.0,2.0,0.0,1.0
14.610817663574753,20.63367467384012,14.679073017895005,0.5,255.0,50.0,50.0,0.0,0.0,1.0,0.0,1.0
6.902310949823176,6.573464492905892,13.70549330868485,0.5,255.0,50.0,50.0,0.0,0.0,1.0,0.0,1.0
12.823084211534766,5.149383143301327,3.1162530821913075,0.5,255.0,255.0,0.0,0.0,0.0,2.0,0.0,1.0
15.298567859280578,24.31478558846845,6.719210045942531,0.5,255.0,50.0,50.0,0.0,0.0,1.0,0.0,1.0
20.99741218033786,4.977408498724746,9.984867475829802,0.5,255.0,255.0,0.0,0.0,0.0,2.0,0.0,1.0
18.294699517617076,2.628511861114007,6.400721425414306,0.5,255.0,50.0,50.0,0.0,0.0,1.0,0.0,1.0
3.1664866937442837,15.654741192362142,9.989097353598794,0.5,255.0,50.0,50.0,0.0,0.0,1.0,0.0,1.0
16.814278036238626,6.965032540565009,4.520389534891736,0.5,255.0,50.0,50.0,0.0,0.0,1.0,0.0,1.0
9.515748178955581,27.64089358240796,14.512215605578687,0.5,255.0,255.0,0.0,0.0,0.0,2.0,0.0,1.0
5.642894948563392,26.059398089514676,1.2610635821571003,0.5,255.0,255.0,0.0,0.0,0.0,2.0,0.0,1.0
27.780078470030723,10.096252902164299,0.2625694377059006,0.5,255.0,50.0,50.0,0.0,0.0,1.0,0.0,1.0
7.302050726628042,25.02436219810316,7.144170593066695,0.5,255.0,50.0,50.0,0.0,0.0,1.0,0.0,1.0
8.311129642412942,2.7086595432043596,3.2633658763433147,0.5,255.0,50.0,50.0,0.0,0.0,1.0,0.0,1.0
0.5657680469009498,11.60047911112409,14.322674464182223,0.5,255.0,255.0,0.0,0.0,0.0,2.0,0.0,1.0
7.772077730623151,21.89246100408651,7.761825359817389,0.5,255.0,50.0,50.0,0.0,0.0,1.0,0.0,1.0
24.79105639436903,4.39082426831171,10.659969511000664,0.5,255.0,50.0,50.0,0.0,0.0,1.0,0.0,1.0
10.176356429083206,22.105246110413432,11.735556794740926,0.5,255.0,50.0,50.0,0.0,0.0,1.0,0.0,1.0
17.16244818804705,27.79708501792908,7.026432260739893,0.5,255.0,50.0,50.0,0.0,0.0,1.0,0.0,1.0
15.607397491764322,27.99180517744132,11.210192460808914,0.5,255.0,50.0,50.0,0.0,0.0,1.0,0.0,1.0
8.578694952479331,15.683089415992761,11.859993902848638,0.5,255.0,50.0,50.0,0.0,0.0,1.0,0.0,1.0
14.71589416693396,23.78909030175461,2.457088264207299,0.5,255.0,255.0,0.0,0.0,0.0,2.0,0.0,1.0
9.218680211138963,7.5301463374503195,14.425320684901298,0.5,255.0,50.0,50.0,0.0,0.0,1.0,0.0,1.0
10.39183437217378,12.753103083497518,0.6558552173297271,0.5,255.0,255.0,0.0,0.0,0.0,2.0,0.0,1.0
28.320837745633717,11.417045728772028,13.6288631580426,0.5,255.0,255.0,0.0,0.0,0.0,2.0,0.0,1.0
18.96392407097347,14.957640493104437,14.032881947952479,0.5,255.0,255.0,0.0,0.0,0.0,2.0,0.0,1.0
19.949685215079693,10.508892136698032,6.499657319145155,0.5,255.0,50.0,50.0,0.0,0.0,1.0,0.0,1.0
16.253199830256303,20.023251297172987,9.800766245222595,0.5,255.0,255.0,0.0,0.0,0.0,2.0,0.0,1.0
14.73500732459976,17.567017613971313,6.176578560069662,0.5,255.0,255.0,0.0,0.0,0.0,2.0,0.0,1.0
22.85583712170967,13.972037819552124,0.5397074042290996,0.5,255.0,255.0,0.0,0.0,0.0,2.0,0.0,1.0
11.955730746160782,4.229302088360647,5.250180669936415,0.5,255.0,50.0,50.0,0.0,0.0,1.0,0.0,1.0
2.2334962818520503,15.453862692432079,5.464230682196181,0.5,255.0,50.0,50.0,0.0,0.0,1.0,0.0,1.0
14.957981985074479,27.01862732209308,11.644793626104198,0.5,255.0,50.0,50.0,0.0,0.0,1.0,0.0,1.0
10.35521832328904,6.909337214571369,7.467854802103304,0.5,255.0,255.0,0.0,0.0,0.0,2.0,0.0,1.0
20.45038652537768,11.307902007596988,7.62046536033733,0.5,255.0,50.0,50.0,0.0,0.0,1.0,0.0,1.0
5.104877445816903,25.749236705742284,11.891251055414687,0.5,255.0,50.0,50.0,0.0,0.0,1.0,0.0,1.0
10.655229691056403,13.231430484312536,1.3307720310822326,0.5,255.0,255.0,0.0,0.0,0.0,2.0,0.0,1.0
2.645081064681324,10.87641643631802,6.084847894335633,0.5,255.0,50.0,50.0,0.0,0.0,1.0,0.0,1.0
18.33106212362389,3.4086919164146936,8.0194677907024,0.5,255.0,255.0,0.0,0.0,0.0,2.0,0.0,1.0
13.456703859838411,0.9892923447348301,11.71284483245572,0.5,255.0,50.0,50.0,0.0,0.0,1.0,0.0,1.0
1.3733801703673287,13.975766577192687,2.109631656684633,0.5,255.0,255.0,0.0,0.0,0.0,2.0,0.0,1.0
18.562610691406142,4.968723968420545,8.436210029208048,0.5,255.0,50.0,50.0,0.0,0.0,1.0,0.0,1.0
20.2064989984845,13.86017727462588,1.0041749833768034,0.5,255.0,50.0,50.0,0.0,0.0,1.0,0.0,1.0
11.063238199899608,9.759409913881777,0.7870873110519828,0.5,255.0,50.0,50.0,0.0,0.0,1.0,0.0,1.0
6.184345937759912,3.189879206609604,6.173744082156936,0.5,255.0,255.0,0.0,0.0,0.0,2.0,0.0,1.0
11.397820116630994,2.9308695414989407,0.7292298121955538,0.5,255.0,255.0,0.0,0.0,0.0,2.0,0.0,1.0
8.193300148251748,6.605510033403883,9.499800023963417,0.5,255.0,255.0,0.0,0.0,0.0,2.0,0.0,1.0
17.594655626452305,28.962445965168197,14.525024115929252,0.5,255.0,50.0,50.0,0.0,0.0,1.0,0.0,1.0
16.245474974017625,19.481371009205755,1.022512198803914,0.5,255.0,50.0,50.0,0.0,0.0,1.0,0.0,1.0
20.730081024806502,3.03005429047542,6.102839224294657,0.5,255.0,255.0,0.0,0.0,0.0,2.0,0.0,1.0
0.3519689908519771,12.420111559748538,9.863234807671269,0.5,255.0,255.0,0.0,0.0,0.0,2.0,0.0,1.0
8.157192711118212,22.79297398751732,6.868170879330175,0.5,255.0,50.0,50.0,0.0,0.0,1.0,0.0,1.0
18.76504600406449,3.8650572527076985,6.04679397274949,0.5,255.0,50.0,50.0,0.0,0.0,1.0,0.0,1.0
14.744471134263872,7.153657340185659,12.939551496370298,0.5,255.0,50.0,50.0,0.0,0.0,1.0,0.0,1.0
13.648598006180691,27.68803711970817,6.2093308858322285,0.5,255.0,255.0,0.0,0.0,0.0,2.0,0.0,1.0
3.8939842958066415,17.804663475796218,2.4548060331801196,0.5,255.0,50.0,50.0,0.0,0.0,1.0,0.0,1.0
14.296398303566797,19.83600003061669,14.79359997859502,0.5,255.0,50.0,50.0,0.0,0.0,1.0,0.0,1.0
28.179099478115617,16.656070042314255,11.140429404505428,0.5,255.0,255.0,0.0,0.0,0.0,2.0,0.0,1.0
16.309596261808057,19.57089008367253,7.174639787206629,0.5,255.0,255.0,0.0,0.0,0.0,2.0,0.0,1.0
8.549087025989737,22.912538705256345,8.132295807216742,0.5,255.0,50.0,50.0,0.0,0.0,1.0,0.0,1.0
14.098586614039665,20.784491588507223,5.974232620381069,0.5,255.0,50.0,50.0,0.0,0.0,1.0,0.0,1.0
7.059583420570536,2.873881030347112,13.839073138220742,0.5,255.0,50.0,50.0,0.0,0.0,1.0,0.0,1.0
21.58291183080855,9.873075106171425,5.24877796925726,0.5,255.0,255.0,0.0,0.0,0.0,2.0,0.0,1.0
19.994192102264783,10.938559032110573,13.638980216419492,0.5,255.0,255.0,0.0,0.0,0.0,2.0,0.0,1.0
12.839525171268924,23.420940137984285,7.833744556312917,0.5,255.0,255.0,0.0,0.0,0.0,2.0,0.0,1.0
17.64632493320405,26.725584590347843,6.736445690928396,0.5,255.0,255.0,0.0,0.0,0.0,2.0,0.0,1.0
12.938925432233425,4.869515476931438,5.763691730884494,0.5,255.0,255.0,0.0,0.0,0.0,2.0,0.0,1.0
9.027053229300975,6.918315669169412,12.518859282280689,0.5,255.0,50.0,50.0,0.0,0.0,1.0,0.0,1.0
1.396939878190068,16.66041218517066,4.460969319127278,0.5,255.0,255.0,0.0,0.0,0.0,2.0,0.0,1.0
4.967785466036663,15.044829010123328,2.8894796020375133,0.5,255.0,255.0,0.0,0.0,0.0,2.0,0.0,1.0
1.7022998963314089,11.064193922530132,6.004935846281702,0.5,255.0,50.0,50.0,0.0,0.0,1.0,0.0,1.0
19.79136580047135,20.47898162976185,12.682452779427392,0.5,255.0,255.0,0.0,0.0,0.0,2.0,0.0,1.0
26.83459934216679,10.947627520983131,1.0500981400998914,0.5,255.0,50.0,50.0,0.0,0.0,1.0,0.0,1.0
18.790760612032862,5.226271743955003,3.301275457036039,0.5,255.0,255.0,0.0,0.0,0.0,2.0,0.0,1.0
13.780738162777899,12.364789794579094,14.061012761599855,0.5,255.0,50.0,50.0,0.0,0.0,1.0,0.0,1.0
18.107886881481605,16.786542373221135,2.978509712037997,0.5,255.0,50.0,50.0,0.0,0.0,1.0,0.0,1.0
12.42707955890759,13.912563052379246,8.35971631768933,0.5,255.0,255.0,0.0,0.0,0.0,2.0,0.0,1.0
18.121081363401494,6.164149875975352,2.5003699082571935,0.5,255.0,255.0,0.0,0.0,0.0,2.0,0.0,1.0
13.911608240912022,12.063217430990825,0.6500240389138676,0.5,255.0,50.0,50.0,0.0,0.0,1.0,0.0,1.0
19.070287416175738,16.065669709122716,3.822351291592006,0.5,255.0,255.0,0.0,0.0,0.0,2.0,0.0,1.0
23.135277882925063,18.026863134081825,9.09075106165984,0.5,255.0,50.0,50.0,0.0,0.0,1.0,0.0,1.0
21.102411049646285,23.060162718958868,0.25174774455390836,0.5,255.0,50.0,50.0,0.0,0.0,1.0,0.0,1.0
19.159696618216767,11.298274857113547,8.037707916352211,0.5,255.0,255.0,0.0,0.0,0.0,2.0,0.0,1.0
18.942008575149746,16.81720973376121,4.315716921927486,0.5,255.0,255.0,0.0,0.0,0.0,2.0,0.0,1.0
10.15303450501747,22.951434279412474,10.539124656104809,0.5,255.0,50.0,50.0,0.0,0.0,1.0,0.0,1.0
28.53706002881847,11.30254153718347,6.891401886298287,0.5,255.0,255.0,0.0,0.0,0.0,2.0,0.0,1.0
14.711587515890931,4.855027327701307,11.691912886218967,0.5,255.0,255.0,0.0,0.0,0.0,2.0,0.0,1.0
19.466293220730208,5.378123941713884,8.15185930401279,0.5,255.0,50.0,50.0,0.0,0.0,1.0,0.0,1.0
13.912127298262789,21.434681954808124,6.639992015119731,0.5,255.0,50.0,50.0,0.0,0.0,1.0,0.0,1.0
25.714271650184475,4.63479118875719,11.096640712577699,0.5,255.0,50.0,50.0,0.0,0.0,1.0,0.0,1.0
21.144110994273433,13.849992338645293,11.858213262539559,0.5,255.0,50.0,50.0,0.0,0.0,1.0,0.0,1.0
12.41483978658955,1.1365714881550912,11.61151695529633,0.5,255.0,255.0,0.0,0.0,0.0,2.0,0.0,1.0
19.51454692919692,11.459838578069073,9.419943236060073,0.5,255.0,255.0,0.0,0.0,0.0,2.0,0.0,1.0
2.715647313595185,14.9172284846533,9.489829496217695,0.5,255.0,255.0,0.0,0.0,0.0,2.0,0.0,1.0
15.062995166115735,18.80210000734329,7.454702540023761,0.5,255.0,50.0,50.0,0.0,0.0,1.0,0.0,1.0
3.119292186332699,19.71972530673753,13.6058758421201,0.5,255.0,50.0,50.0,0.0,0.0,1.0,0.0,1.0
0.8262735377692818,18.539693589948072,5.404336329837844,0.5,255.0,50.0,50.0,0.0,0.0,1.0,0.0,1.0
12.083598725819547,24.53600613298843,7.3386571730370695,0.5,255.0,50.0,50.0,0.0,0.0,1.0,0.0,1.0
19.78893086570823,25.63387819665285,10.717855115371673,0.5,255.0,50.0,50.0,0.0,0.0,1.0,0.0,1.0
8.814691079140884,19.500563611840956,8.162893018760208,0.5,255.0,50.0,50.0,0.0,0.0,1.0,0.0,1.0
2.2340395237111044,9.331731589519878,12.609147841265717,0.5,255.0,255.0,0.0,0.0,0.0,2.0,0.0,1.0
17.2654217183783,16.28957828045889,13.134001904812104,0.5,255.0,50.0,50.0,0.0,0.0,1.0,0.0,1.0
4.858823164238092,8.295878194667262,4.952520908433909,0.5,255.0,255.0,0.0,0.0,0.0,2.0,0.0,1.0
19.221306082291736,7.5076329675311335,12.99978550022145,0.5,255.0,255.0,0.0,0.0,0.0,2.0,0.0,1.0
21.374033950268736,8.774245375669343,10.046370078142164,0.5,255.0,50.0,50.0,0.0,0.0,1.0,0.0,1.0
24.852886711147473,8.726400805731458,6.046633988894046,0.5,255.0,50.0,50.0,0.0,0.0,1.0,0.0,1.0
19.377997052616784,23.448168704613675,5.394209309549748,0.5,255.0,50.0,50.0,0.0,0.0,1.0,0.0,1.0
14.96596980349621,11.642058590155898,4.837817730487009,0.5,255.0,255.0,0.0,0.0,0.0,2.0,0.0,1.0
12.716039570832564,6.819942799535075,3.1122690220000275,0.5,255.0,255.0,0.0,0.0,0.0,2.0,0.0,1.0
19.716464463951837,23.255271949030302,4.312986431533445,0.5,255.0,50.0,50.0,0.0,0.0,1.0,0.0,1.0
6.07506817447625,10.462288665507288,12.536951247886941,0.5,255.0,50.0,50.0,0.0,0.0,1.0,0.0,1.0
1.4330520742176556,12.791085868062279,1.6199475992862868,0.5,255.0,255.0,0.0,0.0,0.0,2.0,0.0,1.0
9.69028980818183,6.912587212183437,10.247066679102055,0.5,255.0,255.0,0.0,0.0,0.0,2.0,0.0,1.0
26.004459502305977,12.374947803665362,3.700477180112081,0.5,255.0,50.0,50.0,0.0,0.0,1.0,0.0,1.0
24.204142459320497,24.710714140776677,3.820661746730991,0.5,255.0,50.0,50.0,0.0,0.0,1.0,0.0,1.0
14.252561202463141,5.236511222937033,4.827230737149344,0.5,255.0,255.0,0.0,0.0,0.0,2.0,0.0,1.0
11.254256286268687,16.748857640906515,1.034438146922827,0.5,255.0,50.0,50.0,0.0,0.0,1.0,0.0,1.0
21.978174584141428,18.656869458103447,6.521849469504247,0.5,255.0,255.0,0.0,0.0,0.0,2.0,0.0,1.0
12.076182858442595,23.909407876277907,4.543900155974144,0.5,255.0,255.0,0.0,0.0,0.0,2.0,0.0,1.0
19.17124708634907,17.041896777851854,1.7638142223491968,0.5,255.0,255.0,0.0,0.0,0.0,2.0,0.0,1.0
7.418182455683489,6.190054519223599,10.295323502330602,0.5,255.0,255.0,0.0,0.0,0.0,2.0,0.0,1.0
2.9599144124181134,15.498565317728595,13.54333568577016,0.5,255.0,50.0,50.0,0.0,0.0,1.0,0.0,1.0
14.659405146807506,2.727935632388312,1.607038690845009,0.5,255.0,255.0,0.0,0.0,0.0,2.0,0.0,1.0
27.577149479149234,21.522237223000445,7.749145237387769,0.5,255.0,50.0,50.0,0.0,0.0,1.0,0.0,1.0
5.488255993920828,14.421220150986427,4.410927035066956,0.5,255.0,50.0,50.0,0.0,0.0,1.0,0.0,1.0
2.8161167573465202,13.434101220020919,0.3508733009521631,0.5,255.0,50.0,50.0,0.0,0.0,1.0,0.0,1.0
23.627373804551596,17.33576098588058,3.708175368153255,0.5,255.0,255.0,0.0,0.0,0.0,2.0,0.0,1.0
21.832842409658223,11.4114024213456,7.1303496158308075,0.5,255.0,255.0,0.0,0.0,0.0,2.0,0.0,1.0
5.6080324858956985,4.721609530875437,5.357313242535447,0.5,255.0,255.0,0.0,0.0,0.0,2.0,0.0,1.0
0.8533271466807215,15.822239904425825,11.107200652280989,0.5,255.0,50.0,50.0,0.0,0.0,1.0,0.0,1.0
6.893605192799588,11.509260912588992,2.359628990002363,0.5,255.0,255.0,0.0,0.0,0.0,2.0,0.0,1.0
2.014762257476574,20.71986736250172,13.728428374915929,0.5,255.0,255.0,0.0,0.0,0.0,2.0,0.0,1.0
16.289692125476076,11.139061528168694,11.010509853178993,0.5,255.0,255.0,0.0,0.0,0.0,2.0,0.0,1.0
14.440481289032384,9.78276508423341,5.710044624896387,0.5,255.0,50.0,50.0,0.0,0.0,1.0,0.0,1.0
4.666752776749188,9.54064661517201,0.5861018362274895,0.5,255.0,255.0,0.0,0.0,0.0,2.0,0.0,1.0
23.18210369930204,26.196098292553483,0.16698090893901318,0.5,255.0,50.0,50.0,0.0,0.0,1.0,0.0,1.0
22.990058729510928,4.543705451122057,7.485711253986769,0.5,255.0,50.0,50.0,0.0,0.0,1.0,0.0,1.0
10.019511836382655,2.398486272203213,9.234029186186344,0.5,255.0,255.0,0.0,0.0,0.0,2.0,0.0,1.0
13.928319268220426,13.796350754956205,0.0,0.5,255.0,255.0,0.0,0.0,0.0,2.0,0.0,1.0
29.034757293025667,11.683044882289403,12.465978815323009,0.5,255.0,255.0,0.0,0.0,0.0,2.0,0.0,1.0
11.313030437883821,19.828485030340868,12.6219295174873,0.5,255.0,50.0,50.0,0.0,0.0,1.0,0.0,1.0
8.003124821736957,23.0731340104602,2.251211170372014,0.5,255.0,255.0,0.0,0.0,0.0,2.0,0.0,1.0
10.419841256709256,17.977479695394806,13.902996934711338,0.5,255.0,255.0,0.0,0.0,0.0,2.0,0.0,1.0
10.450625761612162,2.8938448020893204,10.756584898039574,0.5,255.0,50.0,50.0,0.0,0.0,1.0,0.0,1.0
14.569688912636977,11.343095379870395,4.221601166479265,0.5,255.0,255.0,0.0,0.0,0.0,2.0,0.0,1.0
17.475876926677397,5.638721519252919,0.7213499115668369,0.5,255.0,255.0,0.0,0.0,0.0,2.0,0.0,1.0
12.147163750408827,12.57224367444,8.14255661822365,0.5,255.0,255.0,0.0,0.0,0.0,2.0,0.0,1.0
21.338860698983282,15.135890317826096,13.939468915432114,0.5,255.0,255.0,0.0,0.0,0.0,2.0,0.0,1.0
19.715644102385934,26.75901818891817,8.49850121930544,0.5,255.0,50.0,50.0,0.0,0.0,1.0,0.0,1.0
14.68905303210651,16.37695502522235,7.034930416683505,0.5,255.0,255.0,0.0,0.0,0.0,2.0,0.0,1.0
19.500550997866746,5.413344465924621,9.02436362551287,0.5,255.0,50.0,50.0,0.0,0.0,1.0,0.0,1.0
15.991180054732197,1.4425968095244357,9.050741776255993,0.5,255.0,50.0,50.0,0.0,0.0,1.0,0.0,1.0
21.302180176853327,25.06888638888917,6.618266935898419,0.5,255.0,50.0,50.0,0.0,0.0,1.0,0.0,1.0
3.0405347004054946,17.989568487683794,0.5047763133391059,0.5,255.0,255.0,0.0,0.0,0.0,2.0,0.0,1.0
9.329271450992184,20.86177689640399,9.159669083044012,0.5,255.0,50.0,50.0,0.0,0.0,1.0,0.0,1.0
4.369117445641078,5.174674204912656,0.7738587271692443,0.5,255.0,255.0,0.0,0.0,0.0,2.0,0.0,1.0
3.899754259108369,24.464967915371542,5.81400282281538,0.5,255.0,255.0,0.0,0.0,0.0,2.0,0.0,1.0
11.430020018438734,12.139954676673915,13.261657240279504,0.5,255.0,50.0,50.0,0.0,0.0,1.0,0.0,1.0
12.68714857854138,5.18097428468405,2.3060535276062692,0.5,255.0,255.0,0.0,0.0,0.0,2.0,0.0,1.0
19.233128962868932,15.075421642035577,4.067477899180762,0.5,255.0,255.0,0.0,0.0,0.0,2.0,0.0,1.0
23.17923100988206,17.460131996746693,13.53555609020868,0.5,255.0,255.0,0.0,0.0,0.0,2.0,0.0,1.0
18.048205393549658,12.121747840518061,3.8610995058668998,0.5,255.0,255.0,0.0,0.0,0.0,2.0,0.0,1.0
20.640881978485925,21.846223712531295,3.9602961465037483,0.5,255.0,255.0,0.0,0.0,0.0,2.0,0.0,1.0
25.359395925079344,16.13440145145411,10.434556370562206,0.5,255.0,50.0,50.0,0.0,0.0,1.0,0.0,1.0
18.809325177095236,3.8132710691789464,7.402585554543811,0.5,255.0,255.0,0.0,0.0,0.0,2.0,0.0,1.0
5.6077819438486465,10.579766245709289,2.41866731506151,0.5,255.0,255.0,0.0,0.0,0.0,2.0,0.0,1.0
2.0814837219366176,10.895171240286452,6.8048234101087415,0.5,255.0,50.0,50.0,0.0,0.0,1.0,0.0,1.0
11.255287391398952,4.344820497900204,13.837015066322992,0.5,255.0,50.0,50.0,0.0,0.0,1.0,0.0,1.0
14.723770098045769,7.525674040015475,11.798920615302608,0.5,255.0,50.0,50.0,0.0,0.0,1.0,0.0,1.0
17.626738713572017,6.278276421049658,3.2384257595000547,0.5,255.0,255.0,0.0,0.0,0.0,2.0,0.0,1.0
18.582259636139995,13.288257923628453,2.1680403823028596,0.5,255.0,50.0,50.0,0.0,0.0,1.0,0.0,1.0
7.021351380456735,26.23825086364648,2.1338661633914144,0.5,255.0,50.0,50.0,0.0,0.0,1.0,0.0,1.0
14.086347203567726,1.467590884789671,11.38320474302618,0.5,255.0,50.0,50.0,0.0,0.0,1.0,0.0,1.0
3.013796962452672,20.516537324203515,13.981537928780313,0.5,255.0,50.0,50.0,0.0,0.0,1.0,0.0,1.0
17.35345866308664,19.028697173792626,2.2512508533693585,0.5,255.0,255.0,0.0,0.0,0.0,2.0,0.0,1.0
17.050470707046887,15.287197120858437,9.054869562506362,0.5,255.0,255.0,0.0,0.0,0.0,2.0,0.0,1.0
11.389779941921324,26.100446975368897,1.2554748529862634,0.5,255.0,255.0,0.0,0.0,0.0,2.0,0.0,1.0
18.72964920449443,6.489644385248042,4.936361442787226,0.5,255.0,255.0,0.0,0.0,0.0,2.0,0.0,1.0
17.789792264996027,5.124223573973156,3.3394311648242954,0.5,255.0,255.0,0.0,0.0,0.0,2.0,0.0,1.0
21.391940435991323,15.488110040788687,8.437914967308554,0.5,255.0,255.0,0.0,0.0,0.0,2.0,0.0,1.0
20.45539521659554,25.287287311452392,13.779149714969085,0.5,255.0,255.0,0.0,0.0,0.0,2.0,0.0,1.0
11.761528553102279,13.000575101386188,1.889351047130991,0.5,255.0,50.0,50.0,0.0,0.0,1.0,0.0,1.0
8.912315100601523,21.88521238596075,9.89752382388622,0.5,255.0,50.0,50.0,0.0,0.0,1.0,0.0,1.0
20.367489695399215,23.79205125930035,13.341025068335151,0.5,255.0,255.0,0.0,0.0,0.0,2.0,0.0,1.0
3.5543301795366964,12.345298900771459,10.570629073680228,0.5,255.0,50.0,50.0,0.0,0.0,1.0,0.0,1.0
21.38384568032724,18.13673368121706,0.5025675911737176,0.5,255.0,50.0,50.0,0.0,0.0,1.0,0.0,1.0
20.765228189432758,10.786240948604458,3.6806420391538044,0.5,255.0,255.0,0.0,0.0,0.0,2.0,0.0,1.0
1.8981220861487584,15.025210392048171,8.922107159203147,0.5,255.0,50.0,50.0,0.0,0.0,1.0,0.0,1.0
6.4778563032692595,18.728210089977217,2.8942815764088854,0.5,255.0,50.0,50.0,0.0,0.0,1.0,0.0,1.0
14.428603775120472,12.202966363356735,0.3379120153475104,0.5,255.0,255.0,0.0,0.0,0.0,2.0,0.0,1.0
5.4230325662814955,5.744885441889806,2.5558848988072302,0.5,255.0,255.0,0.0,0.0,0.0,2.0,0.0,1.0
27.40325055184078,11.86429787422643,7.134412119271005,0.5,255.0,255.0,0.0,0.0,0.0,2.0,0.0,1.0
7.098763835813423,26.795897299964313,9.4768750396704,0.5,255.0,255.0,0.0,0.0,0.0,2.0,0.0,1.0
3.5700654373813574,19.867511494622324,5.98356122312849,0.5,255.0,50.0,50.0,0.0,0.0,1.0,0.0,1.0
2.4676534324720825,18.6639722437747,1.2590081087668272,0.5,255.0,255.0,0.0,0.0,0.0,2.0,0.0,1.0
25.651504817750673,11.277844085052276,12.181181666107726,0.5,255.0,50.0,50.0,0.0,0.0,1.0,0.0,1.0
26.807365307275685,14.114658454475004,6.450378810316794,0.5,255.0,50.0,50.0,0.0,0.0,1.0,0.0,1.0
21.704890498373466,27.97585909659983,7.610450368970848,0.5,255.0,50.0,50.0,0.0,0.0,1.0,0.0,1.0
21.61731423474662,21.33134426430476,0.7343680177525596,0.5,255.0,50.0,50.0,0.0,0.0,1.0,0.0,1.0
12.12237042047053,3.537264308703094,0.609136980636499,0.5,255.0,255.0,0.0,0.0,0.0,2.0,0.0,1.0
9.089579953241602,1.9916810094699657,13.177604289116243,0.5,255.0,50.0,50.0,0.0,0.0,1.0,0.0,1.0
24.879422201643493,9.536736535933855,6.346544333219752,0.5,255.0,50.0,50.0,0.0,0.0,1.0,0.0,1.0
25.56933143912561,11.803573758368788,2.9228382624226317,0.5,255.0,255.0,0.0,0.0,0.0,2.0,0.0,1.0
3.5521003106952693,11.843347335897757,6.709109307420322,0.5,255.0,255.0,0.0,0.0,0.0,2.0,0.0,1.0
12.604053855251006,18.899947998496778,13.361141456630405,0.5,255.0,50.0,50.0,0.0,0.0,1.0,0.0,1.0
12.671227836959684,20.511130196096012,12.888692797214135,0.5,255.0,50.0,50.0,0.0,0.0,1.0,0.0,1.0
12.703837185866826,13.458781117301386,7.042208775939938,0.5,255.0,255.0,0.0,0.0,0.0,2.0,0.0,1.0
19.503491756878503,6.286420615053429,9.956732398164363,0.5,255.0,50.0,50.0,0.0,0.0,1.0,0.0,1.0
20.975924625655935,24.570312856080687,0.5817471264746239,0.5,255.0,50.0,50.0,0.0,0.0,1.0,0.0,1.0
26.77803867246366,9.769107827013949,12.029061200327059,0.5,255.0,50.0,50.0,0.0,0.0,1.0,0.0,1.0
21.987600897365745,16.628766174790115,2.521278564464017,0.5,255.0,255.0,0.0,0.0,0.0,2.0,0.0,1.0
23.307848300325787,23.861589338025286,14.107912514821065,0.5,255.0,50.0,50.0,0.0,0.0,1.0,0.0,1.0
9.278789668740888,1.3946359868742721,12.036340752563742,0.5,255.0,50.0,50.0,0.0,0.0,1.0,0.0,1.0
25.032385540149413,17.771593523445294,1.481232127078446,0.5,255.0,255.0,0.0,0.0,0.0,2.0,0.0,1.0
12.940840204168461,7.989116292743022,3.962196159671108,0.5,255.0,50.0,50.0,0.0,0.0,1.0,0.0,1.0
8.605965465132051,27.357573281568065,2.7269174020630955,0.5,255.0,255.0,0.0,0.0,0.0,2.0,0.0,1.0
24.205481166442578,5.464870046429314,7.35950731267435,0.5,255.0,255.0,0.0,0.0,0.0,2.0,0.0,1.0
6.3589874632755805,5.547579877727253,3.4798248572647625,0.5,255.0,255.0,0.0,0.0,0.0,2.0,0.0,1.0
17.54875183884845,16.47803713980649,7.372765309816118,0.5,255.0,50.0,50.0,0.0,0.0,1.0,0.0,1.0
16.375422791027216,1.560299515021886,9.633019467340628,0.5,255.0,50.0,50.0,0.0,0.0,1.0,0.0,1.0
18.29571926373142,2.2603066819683773,3.0147647551401704,0.5,255.0,50.0,50.0,0.0,0.0,1.0,0.0,1.0
9.872386597357323,4.686991964705681,0.1406749467811593,0.5,255.0,50.0,50.0,0.0,0.0,1.0,0.0,1.0
18.80728948588878,13.382131509208055,14.361675575213518,0.5,255.0,50.0,50.0,0.0,0.0,1.0,0.0,1.0
1.1776727097543025,16.517221618812897,10.687986589512679,0.5,255.0,50.0,50.0,0.0,0.0,1.0,0.0,1.0
16.16714329731577,19.650555146244354,2.3901476367946386,0.5,255.0,255.0,0.0,0.0,0.0,2.0,0.0,1.0
13.358575403958612,5.334843243426939,5.063139918843206,0.5,255.0,255.0,0.0,0.0,0.0,2.0,0.0,1.0
24.67939308172784,6.641179100419371,4.459708729605081,0.5,255.0,50.0,50.0,0.0,0.0,1.0,0.0,1.0
17.589319952702127,22.80311431778888,11.685389948586813,0.5,255.0,255.0,0.0,0.0,0.0,2.0,0.0,1.0
15.339035379859117,19.88185228148275,10.890722666835872,0.5,255.0,50.0,50.0,0.0,0.0,1.0,0.0,1.0
16.235757588579947,26.484029500645374,10.806266177883677,0.5,255.0,50.0,50.0,0.0,0.0,1.0,0.0,1.0
9.770692350913226,1.8298975989903434,11.375233981106048,0.5,255.0,255.0,0.0,0.0,0.0,2.0,0.0,1.0
9.67146614781433,12.760675163055385,2.368609582768929,0.5,255.0,50.0,50.0,0.0,0.0,1.0,0.0,1.0
4.083304729751085,11.771955809709478,4.801230660030337,0.5,255.0,50.0,50.0,0.0,0.0,1.0,0.0,1.0
11.030393769917305,11.173221598720778,12.75061436819513,0.5,255.0,255.0,0.0,0.0,0.0,2.0,0.0,1.0
13.003108117752413,24.905099623155117,11.600888360381271,0.5,255.0,255.0,0.0,0.0,0.0,2.0,0.0,1.0
24.87447547354868,18.31966165119842,2.3289003612879355,0.5,255.0,50.0,50.0,0.0,0.0,1.0,0.0,1.0
24.367295050868652,23.22290876263236,13.010319226711271,0.5,255.0,255.0,0.0,0.0,0.0,2.0,0.0,1.0
13.110866387177763,2.174928495036112,11.637223507420476,0.5,255.0,255.0,0.0,0.0,0.0,2.0,0.0,1.0
16.29921501321613,1.2501144914194737,3.8068825524691343,0.5,255.0,255.0,0.0,0.0,0.0,2.0,0.0,1.0
20.377280182525087,1.5551235033700788,10.50072033149719,0.5,255.0,255.0,0.0,0.0,0.0,2.0,0.0,1.0
17.931386783236345,28.44886756308878,2.5994397635200013,0.5,255.0,50.0,50.0,0.0,0.0,1.0,0.0,1.0
25.55212019423534,11.828847548782797,13.517273719703661,0.5,255.0,50.0,50.0,0.0,0.0,1.0,0.0,1.0
16.254751834023505,20.342520884722074,11.43705635928933,0.5,255.0,255.0,0.0,0.0,0.0,2.0,0.0,1.0
5.949166719268693,19.865080180776204,2.628135337646513,0.5,255.0,50.0,50.0,0.0,0.0,1.0,0.0,1.0
6.873259316556525,19.946832141403597,13.397549111955042,0.5,255.0,50.0,50.0,0.0,0.0,1.0,0.0,1.0
15.372285627232412,16.976132132834376,12.932034906804718,0.5,255.0,255.0,0.0,0.0,0.0,2.0,0.0,1.0
16.419616183232623,0.40578767160071555,10.931337064447085,0.5,255.0,255.0,0.0,0.0,0.0,2.0,0.0,1.0
18.59517576725533,5.779560534430277,9.738816770001604,0.5,255.0,50.0,50.0,0.0,0.0,1.0,0.0,1.0
9.625599648358362,2.580412380408994,8.383071211336851,0.5,255.0,50.0,50.0,0.0,0.0,1.0,0.0,1.0
3.7001321470747515,13.348855840585621,9.810523717288543,0.5,255.0,50.0,50.0,0.0,0.0,1.0,0.0,1.0
13.11640700318012,5.921061494120634,3.0535302585947353,0.5,255.0,255.0,0.0,0.0,0.0,2.0,0.0,1.0
10.644703170173614,18.11204744528224,13.000364636552389,0.5,255.0,255.0,0.0,0.0,0.0,2.0,0.0,1.0
25.594855014690605,7.3869652986992955,8.860992002760401,0.5,255.0,50.0,50.0,0.0,0.0,1.0,0.0,1.0
3.763282618459218,21.415769173128332,4.264688303338556,0.5,255.0,50.0,50.0,0.0,0.0,1.0,0.0,1.0
17.85022957731891,14.735373591920505,4.748511785018921,0.5,255.0,50.0,50.0,0.0,0.0,1.0,0.0,1.0
26.10605114718994,7.140960152409799,13.426261434664239,0.5,255.0,255.0,0.0,0.0,0.0,2.0,0.0,1.0
25.00296248794759,18.18876834190871,0.7182593620605784,0.5,255.0,255.0,0.0,0.0,0.0,2.0,0.0,1.0
7.011396424696014,5.594378011518933,4.253112620481416,0.5,255.0,50.0,50.0,0.0,0.0,1.0,0.0,1.0
16.853075069459347,23.885450757971125,7.09107587474477,0.5,255.0,255.0,0.0,0.0,0.0,2.0,0.0,1.0
12.929325682415536,5.556078157540012,6.270181390446137,0.5,255.0,255.0,0.0,0.0,0.0,2.0,0.0,1.0
20.523413644719703,8.364192460161513,10.760531587650805,0.5,255.0,50.0,50.0,0.0,0.0,1.0,0.0,1.0
25.2155126590979,16.384662941122134,1.775705018873774,0.5,255.0,50.0,50.0,0.0,0.0,1.0,0.0,1.0
4.775714481194002,18.378818376151955,10.00600526818792,0.5,255.0,255.0,0.0,0.0,0.0,2.0,0.0,1.0
11.256425957237468,28.34141136175739,5.276202303195769,0.5,255.0,50.0,50.0,0.0,0.0,1.0,0.0,1.0
13.426975870065029,2.5424758091019686,8.468271051691298,0.5,255.0,255.0,0.0,0.0,0.0,2.0,0.0,1.0
23.42615062794844,4.895517312747525,9.90210224857713,0.5,255.0,255.0,0.0,0.0,0.0,2.0,0.0,1.0
3.607600973740715,21.791520843069488,6.865872435094802,0.5,255.0,255.0,0.0,0.0,0.0,2.0,0.0,1.0
18.97497581014986,22.59427029392775,8.853495703485793,0.5,255.0,255.0,0.0,0.0,0.0,2.0,0.0,1.0
6.13013816632356,18.55248635263242,11.474991156487246,0.5,255.0,255.0,0.0,0.0,0.0,2.0,0.0,1.0
7.071831860675147,13.776523851320716,4.375514525690747,0.5,255.0,255.0,0.0,0.0,0.0,2.0,0.0,1.0
21.291194993760794,8.059397297646841,1.3235555226217668,0.5,255.0,50.0,50.0,0.0,0.0,1.0,0.0,1.0
1.8377722536251333,17.365292156830098,1.3706112527053518,0.5,255.0,50.0,50.0,0.0,0.0,1.0,0.0,1.0
21.622202340194082,8.192531975859907,5.414442597867666,0.5,255.0,50.0,50.0,0.0,0.0,1.0,0.0,1.0
19.35309401863914,17.92657492818965,2.108203987880082,0.5,255.0,255.0,0.0,0.0,0.0,2.0,0.0,1.0
16.356833676769917,23.576828232759713,6.488647185761152,0.5,255.0,50.0,50.0,0.0,0.0,1.0,0.0,1.0
28.36013457493426,10.898699274155428,0.0,0.5,255.0,50.0,50.0,0.0,0.0,1.0,0.0,1.0
1.5757914054724753,19.88040541590329,13.750232225861641,0.5,255.0,50.0,50.0,0.0,0.0,1.0,0.0,1.0
4.753860142673849,18.71943260553173,11.25418594032363,0.5,255.0,50.0,50.0,0.0,0.0,1.0,0.0,1.0
28.34200178029113,10.274189958321404,8.599814226869574,0.5,255.0,50.0,50.0,0.0,0.0,1.0,0.0,1.0
17.059290183412376,4.886734808698868,12.108020491747089,0.5,255.0,50.0,50.0,0.0,0.0,1.0,0.0,1.0
8.966214979305995,19.334049251012086,6.1423621399157105,0.5,255.0,50.0,50.0,0.0,0.0,1.0,0.0,1.0
19.20995604421672,14.569416713675324,11.708185250426569,0.5,255.0,255.0,0.0,0.0,0.0,2.0,0.0,1.0
9.433051963386877,23.953107238738117,12.52093653409282,0.5,255.0,50.0,50.0,0.0,0.0,1.0,0.0,1.0
26.521668016991885,8.840987751875968,10.334901514085155,0.5,255.0,255.0,0.0,0.0,0.0,2.0,0.0,1.0
22.387960008284406,25.446380411570363,4.478932022451984,0.5,255.0,50.0,50.0,0.0,0.0,1.0,0.0,1.0
16.509877987130192,28.77406945660832,14.4274379289199,0.5,255.0,50.0,50.0,0.0,0.0,1.0,0.0,1.0
18.9696391626101,6.827407023214963,14.087204664859074,0.5,255.0,255.0,0.0,0.0,0.0,2.0,0.0,1.0
23.707688881722948,12.690859397910222,8.494842924415112,0.5,255.0,50.0,50.0,0.0,0.0,1.0,0.0,1.0
23.713578987109912,23.201988839347102,15.087159486501664,0.5,255.0,50.0,50.0,0.0,0.0,1.0,0.0,1.0
3.0537945186365536,18.928077989672378,14.58064291273697,0.5,255.0,255.0,0.0,0.0,0.0,2.0,0.0,1.0
9.563429617802724,8.584399728040617,5.342855461766843,0.5,255.0,50.0,50.0,0.0,0.0,1.0,0.0,1.0
21.881545406285735,10.249162865021146,4.38448527741749,0.5,255.0,255.0,0.0,0.0,0.0,2.0,0.0,1.0
15.474267578372691,12.251481103351491,11.734202793282197,0.5,255.0,50.0,50.0,0.0,0.0,1.0,0.0,1.0
17.93163150539713,27.217152139395075,2.718877351650567,0.5,255.0,255.0,0.0,0.0,0.0,2.0,0.0,1.0
25.628899138930247,18.429034719369856,1.386033886137092,0.5,255.0,255.0,0.0,0.0,0.0,2.0,0.0,1.0
5.484397338823164,21.546657871655935,1.4066648164039868,0.5,255.0,50.0,50.0,0.0,0.0,1.0,0.0,1.0
24.081932012321346,13.598098572480302,0.7370928081353366,0.5,255.0,255.0,0.0,0.0,0.0,2.0,0.0,1.0
21.31238471670489,10.73597313972926,5.586543864118674,0.5,255.0,255.0,0.0,0.0,0.0,2.0,0.0,1.0
24.224142044422965,13.142390402878133,8.238738657519315,0.5,255.0,50.0,50.0,0.0,0.0,1.0,0.0,1.0
28.485180365157326,18.506660807098267,7.17807003750864,0.5,255.0,255.0,0.0,0.0,0.0,2.0,0.0,1.0
23.78985382386196,27.024792249335317,2.5241246806197726,0.5,255.0,50.0,50.0,0.0,0.0,1.0,0.0,1.0
23.383053744091065,11.472629926488516,14.169570012715289,0.5,255.0,255.0,0.0,0.0,0.0,2.0,0.0,1.0
17.19743784733638,12.31842551930436,12.001651154097274,0.5,255.0,50.0,50.0,0.0,0.0,1.0,0.0,1.0
16.979841116480756,22.542377181953565,11.852798860226644,0.5,255.0,255.0,0.0,0.0,0.0,2.0,0.0,1.0
24.835822897373674,5.01628625153207,11.141156549777351,0.5,255.0,50.0,50.0,0.0,0.0,1.0,0.0,1.0
16.47332519358083,22.38934867057781,7.892035550131723,0.5,255.0,255.0,0.0,0.0,0.0,2.0,0.0,1.0
2.41793355236074,20.00297162792924,14.38277750822105,0.5,255.0,50.0,50.0,0.0,0.0,1.0,0.0,1.0
20.66216083136435,20.849982775894137,12.386391800894202,0.5,255.0,255.0,0.0,0.0,0.0,2.0,0.0,1.0
16.562336369722072,27.976608929763763,10.784347829217962,0.5,255.0,50.0,50.0,0.0,0.0,1.0,0.0,1.0
8.571626914724796,13.773785152561066,5.1001429878662545,0.5,255.0,255.0,0.0,0.0,0.0,2.0,0.0,1.0
13.92508211256979,7.891813193099151,12.636640932641662,0.5,255.0,255.0,0.0,0.0,0.0,2.0,0.0,1.0
9.881978749546285,15.287810726892328,10.385539036064262,0.5,255.0,50.0,50.0,0.0,0.0,1.0,0.0,1.0
25.564502743329545,12.10267533433327,4.202920540913897,0.5,255.0,50.0,50.0,0.0,0.0,1.0,0.0,1.0
8.780159948150201,12.875398132353896,7.132065863249794,0.5,255.0,255.0,0.0,0.0,0.0,2.0,0.0,1.0
19.67028833274511,21.912741759403342,10.079975152418076,0.5,255.0,50.0,50.0,0.0,0.0,1.0,0.0,1.0
11.92085074148566,23.50232022072819,7.162726954956719,0.5,255.0,50.0,50.0,0.0,0.0,1.0,0.0,1.0
8.176868533938864,13.77868849663643,6.35471828110659,0.5,255.0,50.0,50.0,0.0,0.0,1.0,0.0,1.0
11.438742368200243,5.818700120219411,13.485039760076063,0.5,255.0,255.0,0.0,0.0,0.0,2.0,0.0,1.0
7.909739650531264,17.43687355186109,1.227202533772232,0.5,255.0,255.0,0.0,0.0,0.0,2.0,0.0,1.0
10.701665416300928,29.34354792891252,1.0792728208436946,0.5,255.0,50.0,50.0,0.0,0.0,1.0,0.0,1.0
11.3268095832463,22.17506896655474,10.88229237725627,0.5,255.0,50.0,50.0,0.0,0.0,1.0,0.0,1.0
16.74989077530136,11.249711488010242,8.649421766948157,0.5,255.0,50.0,50.0,0.0,0.0,1.0,0.0,1.0
22.638450383143766,17.590053689414393,1.908498381260444,0.5,255.0,255.0,0.0,0.0,0.0,2.0,0.0,1.0
21.003154368260947,11.167428728976848,8.197855216779276,0.5,255.0,50.0,50.0,0.0,0.0,1.0,0.0,1.0
9.678433868444717,26.113970633984316,14.311098513573592,0.5,255.0,50.0,50.0,0.0,0.0,1.0,0.0,1.0
27.26737791988881,21.548189531081004,5.496894517419269,0.5,255.0,255.0,0.0,0.0,0.0,2.0,0.0,1.0
6.10709297004256,3.207469585952251,14.876383122786326,0.5,255.0,50.0,50.0,0.0,0.0,1.0,0.0,1.0
20.486950740214784,25.369141953535728,5.9276871949195895,0.5,255.0,255.0,0.0,0.0,0.0,2.0,0.0,1.0
13.783458468773006,5.256886211951413,5.725671176428809,0.5,255.0,255.0,0.0,0.0,0.0,2.0,0.0,1.0
19.794043577811262,7.90175831496848,13.163141149647215,0.5,255.0,255.0,0.0,0.0,0.0,2.0,0.0,1.0
11.997188242811504,8.994460079206021,4.289778027836906,0.5,255.0,255.0,0.0,0.0,0.0,2.0,0.0,1.0
15.79252930578543,13.726091293665226,11.687439859436644,0.5,255.0,50.0,50.0,0.0,0.0,1.0,0.0,1.0
22.10748100326645,22.01072946412611,3.195711337948653,0.5,255.0,50.0,50.0,0.0,0.0,1.0,0.0,1.0
0.13032749331822366,11.205330822012817,9.938511205595606,0.5,255.0,255.0,0.0,0.0,0.0,2.0,0.0,1.0
16.089280178362646,4.250842674206271,13.007861657846306,0.5,255.0,50.0,50.0,0.0,0.0,1.0,0.0,1.0
15.953025540336995,26.26002214718468,12.166522695084351,0.5,255.0,50.0,50.0,0.0,0.0,1.0,0.0,1.0
19.429229799691726,2.4495246128723553,2.9057372831895547,0.5,255.0,50.0,50.0,0.0,0.0,1.0,0.0,1.0
8.364121011937256,7.623187472828044,3.0909940907622397,0.5,255.0,50.0,50.0,0.0,0.0,1.0,0.0,1.0
19.45366577759403,21.682027591816205,10.963384193459957,0.5,255.0,50.0,50.0,0.0,0.0,1.0,0.0,1.0
7.457531848556361,3.239126418548331,7.523560885411231,0.5,255.0,255.0,0.0,0.0,0.0,2.0,0.0,1.0
25.20738399584868,18.98171782659361,14.481783668422933,0.5,255.0,255.0,0.0,0.0,0.0,2.0,0.0,1.0
22.598163751009462,21.56717465643587,2.9102883868789275,0.5,255.0,255.0,0.0,0.0,0.0,2.0,0.0,1.0
19.469893061277606,21.232505538422867,12.442903566025361,0.5,255.0,255.0,0.0,0.0,0.0,2.0,0.0,1.0
6.416001084720352,14.227693515977887,5.629850017508572,0.5,255.0,255.0,0.0,0.0,0.0,2.0,0.0,1.0
24.356264580256,23.22403548873745,14.049606328786782,0.5,255.0,50.0,50.0,0.0,0.0,1.0,0.0,1.0
12.475547508047761,28.47600934599339,13.822676470087446,0.5,255.0,50.0,50.0,0.0,0.0,1.0,0.0,1.0
25.774039849418266,16.348600562955802,3.9039982131492765,0.5,255.0,50.0,50.0,0.0,0.0,1.0,0.0,1.0
15.602869103195674,1.8251400847633839,9.865458703249447,0.5,255.0,50.0,50.0,0.0,0.0,1.0,0.0,1.0
16.285658801506084,1.5438647011239341,0.5959502869720995,0.5,255.0,255.0,0.0,0.0,0.0,2.0,0.0,1.0
21.762713088179193,26.41929468151221,0.32853965393845413,0.5,255.0,50.0,50.0,0.0,0.0,1.0,0.0,1.0
22.878716502027196,18.213805479525913,13.278548995662186,0.5,255.0,50.0,50.0,0.0,0.0,1.0,0.0,1.0
5.51038743651033,17.911800859772057,10.481919489350238,0.5,255.0,255.0,0.0,0.0,0.0,2.0,0.0,1.0
11.532744533083674,11.314106492566314,14.52637947054208,0.5,255.0,255.0,0.0,0.0,0.0,2.0,0.0,1.0
13.31728689539897,5.417485631173513,9.622677935971588,0.5,255.0,255.0,0.0,0.0,0.0,2.0,0.0,1.0
11.003325801636407,18.518597507242603,13.793626948152392,0.5,255.0,255.0,0.0,0.0,0.0,2.0,0.0,1.0
15.697631804930307,14.790764898420951,1.8333966868602534,0.5,255.0,255.0,0.0,0.0,0.0,2.0,0.0,1.0
0.43818649326905224,17.754905865920453,5.322441503314319,0.5,255.0,50.0,50.0,0.0,0.0,1.0,0.0,1.0
6.838040823173289,22.58521527707658,11.334042099302708,0.5,255.0,50.0,50.0,0.0,0.0,1.0,0.0,1.0
9.083969178006672,23.67550592037975,13.634074032619484,0.5,255.0,255.0,0.0,0.0,0.0,2.0,0.0,1.0
20.042951290366997,17.931186005084395,1.3344266738920685,0.5,255.0,255.0,0.0,0.0,0.0,2.0,0.0,1.0
17.2265709329583,20.011094270165973,1.2695683019602373,0.5,255.0,255.0,0.0,0.0,0.0,2.0,0.0,1.0
13.66410592385587,4.5606973949666845,5.31343041718905,0.5,255.0,255.0,0.0,0.0,0.0,2.0,0.0,1.0
15.93224346267776,12.019252638591496,1.909085718743266,0.5,255.0,50.0,50.0,0.0,0.0,1.0,0.0,1.0
8.192739045450017,9.585833999784073,9.301950971737865,0.5,255.0,255.0,0.0,0.0,0.0,2.0,0.0,1.0
7.641046174339189,6.842242007353926,11.756453865220815,0.5,255.0,50.0,50.0,0.0,0.0,1.0,0.0,1.0
25.35013878858679,4.920836976329099,11.863728936410732,0.5,255.0,50.0,50.0,0.0,0.0,1.0,0.0,1.0
14.469775951306836,10.544527622465923,11.50385824805123,0.5,255.0,255.0,0.0,0.0,0.0,2.0,0.0,1.0
27.539717489461225,20.298686131423317,3.295820440577878,0.5,255.0,50.0,50.0,0.0,0.0,1.0,0.0,1.0
22.7350623601065,25.66460776877471,5.277051213759355,0.5,255.0,50.0,50.0,0.0,0.0,1.0,0.0,1.0
13.658398916030778,8.839552356091572,7.787489435469889,0.5,255.0,50.0,50.0,0.0,0.0,1.0,0.0,1.0
16.850200914541354,27.188156957538244,7.7368634497034865,0.5,255.0,50.0,50.0,0.0,0.0,1.0,0.0,1.0
12.02961299442145,22.850901789347116,4.799647870720584,0.5,255.0,50.0,50.0,0.0,0.0,1.0,0.0,1.0
21.331827624355288,22.771822009268885,3.789130423198677,0.5,255.0,50.0,50.0,0.0,0.0,1.0,0.0,1.0
21.91514721076946,26.8489616959837,4.67692424333981,0.5,255.0,255.0,0.0,0.0,0.0,2.0,0.0,1.0
16.38985689269991,2.700771881067846,9.16395829024698,0.5,255.0,255.0,0.0,0.0,0.0,2.0,0.0,1.0
13.893758272280778,1.3136450969380657,3.1159566298952424,0.5,255.0,255.0,0.0,0.0,0.0,2.0,0.0,1.0
12.576091872060141,25.091181748341782,10.835089700077576,0.5,255.0,50.0,50.0,0.0,0.0,1.0,0.0,1.0
10.282633018952058,28.08096681800402,9.727118331815564,0.5,255.0,255.0,0.0,0.0,0.0,2.0,0.0,1.0
17.16298817993938,0.6422881907712099,10.790541360348547,0.5,255.0,255.0,0.0,0.0,0.0,2.0,0.0,1.0
8.674128091918798,8.122830022557414,14.707499164216902,0.5,255.0,50.0,50.0,0.0,0.0,1.0,0.0,1.0
1.2538123005553314,11.54511394265625,10.167553064458101,0.5,255.0,50.0,50.0,0.0,0.0,1.0,0.0,1.0
15.627736474333604,21.284040192096445,12.072781603333935,0.5,255.0,255.0,0.0,0.0,0.0,2.0,0.0,1.0
26.6710123693136,7.938027073995642,10.515243936542742,0.5,255.0,255.0,0.0,0.0,0.0,2.0,0.0,1.0
7.740501294875094,10.119826832075923,9.174075257934662,0.5,255.0,255.0,0.0,0.0,0.0,2.0,0.0,1.0
7.389648341946322,20.12215508016191,8.682500140984489,0.5,255.0,255.0,0.0,0.0,0.0,2.0,0.0,1.0
8.789070016583175,22.016950138894074,0.9029430492263254,0.5,255.0,50.0,50.0,0.0,0.0,1.0,0.0,1.0
15.36551091408284,10.670038696700235,10.758930496334774,0.5,255.0,255.0,0.0,0.0,0.0,2.0,0.0,1.0
12.851271500944492,1.6278862878124543,10.992171020969087,0.5,255.0,255.0,0.0,0.0,0.0,2.0,0.0,1.0
28.02488081559887,18.988814164393627,6.668728570817132,0.5,255.0,50.0,50.0,0.0,0.0,1.0,0.0,1.0
25.682463912606917,9.651260970607488,5.775562303749255,0.5,255.0,255.0,0.0,0.0,0.0,2.0,0.0,1.0
23.279486861253442,10.706192077952968,11.534300126204917,0.5,255.0,255.0,0.0,0.0,0.0,2.0,0.0,1.0
21.275992114977676,24.366844532848035,14.035807363452836,0.5,255.0,255.0,0.0,0.0,0.0,2.0,0.0,1.0
15.699923132467754,7.988628842229791,12.377702510318374,0.5,255.0,50.0,50.0,0.0,0.0,1.0,0.0,1.0
27.665175353072943,17.82311056056194,12.028790046415763,0.5,255.0,50.0,50.0,0.0,0.0,1.0,0.0,1.0
21.630001577241014,5.327952154544622,12.025330077461215,0.5,255.0,50.0,50.0,0.0,0.0,1.0,0.0,1.0
23.406150739506398,17.479546744075556,12.457526133325263,0.5,255.0,50.0,50.0,0.0,0.0,1.0,0.0,1.0
28.85100803719613,12.464540835652269,7.173023539500649,0.5,255.0,255.0,0.0,0.0,0.0,2.0,0.0,1.0
16.068854835836454,8.144157429749729,4.750873099221542,0.5,255.0,50.0,50.0,0.0,0.0,1.0,0.0,1.0
3.0284055936244987,15.739412646813717,7.504325285596011,0.5,255.0,50.0,50.0,0.0,0.0,1.0,0.0,1.0
26.463261018411274,11.280328098653431,12.75472472975988,0.5,255.0,50.0,50.0,0.0,0.0,1.0,0.0,1.0
27.96313461047601,11.640752695589043,5.978678036466322,0.5,255.0,50.0,50.0,0.0,0.0,1.0,0.0,1.0
4.54325252943179,12.591325766958528,2.4167357060676986,0.5,255.0,50.0,50.0,0.0,0.0,1.0,0.0,1.0
22.654813218516964,14.996904674680062,4.815852335695732,0.5,255.0,50.0,50.0,0.0,0.0,1.0,0.0,1.0
21.87014717405545,11.73162895835516,8.004427501506923,0.5,255.0,255.0,0.0,0.0,0.0,2.0,0.0,1.0
10.821537742567031,17.23772127256273,12.725803895073724,0.5,255.0,255.0,0.0,0.0,0.0,2.0,0.0,1.0
14.99720444784966,10.153771542840357,6.375744822703757,0.5,255.0,50.0,50.0,0.0,0.0,1.0,0.0,1.0
7.644796992756621,26.52036915737365,1.1617630972306143,0.5,255.0,50.0,50.0,0.0,0.0,1.0,0.0,1.0
23.523548361193285,24.140518566231812,7.5323420156890135,0.5,255.0,50.0,50.0,0.0,0.0,1.0,0.0,1.0
19.735731798151342,6.080612371471786,8.486747373494696,0.5,255.0,50.0,50.0,0.0,0.0,1.0,0.0,1.0
17.96765943077606,6.424794494996395,4.495777162725441,0.5,255.0,255.0,0.0,0.0,0.0,2.0,0.0,1.0
28.012615631109306,12.702792535324344,13.118478455498185,0.5,255.0,255.0,0.0,0.0,0.0,2.0,0.0,1.0
8.60301336728801,16.54553564013341,11.483174382422233,0.5,255.0,255.0,0.0,0.0,0.0,2.0,0.0,1.0
20.334917653232065,5.288761105029186,8.74081011640338,0.5,255.0,50.0,50.0,0.0,0.0,1.0,0.0,1.0
16.718657769603638,5.405542149493762,13.399813794902393,0.5,255.0,50.0,50.0,0.0,0.0,1.0,0.0,1.0
14.674289602476284,26.620679443879283,0.3155691048933772,0.5,255.0,50.0,50.0,0.0,0.0,1.0,0.0,1.0
19.834181692369313,15.863043023756067,13.397043276642844,0.5,255.0,50.0,50.0,0.0,0.0,1.0,0.0,1.0
17.98654761640852,14.293074207675433,14.282535681937068,0.5,255.0,50.0,50.0,0.0,0.0,1.0,0.0,1.0
10.37268908255448,5.124027310451229,13.64348827735273,0.5,255.0,50.0,50.0,0.0,0.0,1.0,0.0,1.0
7.999424477739862,7.467680912908993,2.1336051126665763,0.5,255.0,255.0,0.0,0.0,0.0,2.0,0.0,1.0
6.439497628479225,23.455938496086706,10.282626257221292,0.5,255.0,255.0,0.0,0.0,0.0,2.0,0.0,1.0
11.441450727889896,14.569493126930004,10.166634153065852,0.5,255.0,255.0,0.0,0.0,0.0,2.0,0.0,1.0
21.070582512888585,18.90657542304101,6.550141531167335,0.5,255.0,50.0,50.0,0.0,0.0,1.0,0.0,1.0
6.985203983493573,7.223947014130637,14.861701890930897,0.5,255.0,50.0,50.0,0.0,0.0,1.0,0.0,1.0
17.310264339928004,8.162756722308742,4.5086200235742195,0.5,255.0,50.0,50.0,0.0,0.0,1.0,0.0,1.0
4.08950342491157,4.798419592813539,5.493254049031063,0.5,255.0,50.0,50.0,0.0,0.0,1.0,0.0,1.0
17.899559237272097,10.923857639303655,5.063882641353562,0.5,255.0,50.0,50.0,0.0,0.0,1.0,0.0,1.0
3.0621453788434065,15.588644173932229,5.992358266364178,0.5,255.0,50.0,50.0,0.0,0.0,1.0,0.0,1.0
26.05277994571849,10.63146738004401,12.189816642029264,0.5,255.0,50.0,50.0,0.0,0.0,1.0,0.0,1.0
19.926460662633787,14.045605857579327,2.066949725795647,0.5,255.0,255.0,0.0,0.0,0.0,2.0,0.0,1.0
15.554641395530602,15.608692837925567,8.880367365757634,0.5,255.0,50.0,50.0,0.0,0.0,1.0,0.0,1.0
11.923728521353222,3.4258374029422587,1.4476703038068914,0.5,255.0,255.0,0.0,0.0,0.0,2.0,0.0,1.0
13.305722538784904,20.244283606361115,6.635400255997908,0.5,255.0,50.0,50.0,0.0,0.0,1.0,0.0,1.0
12.502066159549074,5.9017481085957435,3.7598271926607043,0.5,255.0,50.0,50.0,0.0,0.0,1.0,0.0,1.0
7.322367836652862,15.070016358176261,8.408685289277383,0.5,255.0,50.0,50.0,0.0,0.0,1.0,0.0,1.0
8.202152780870595,26.083027653350044,2.386056361420832,0.5,255.0,50.0,50.0,0.0,0.0,1.0,0.0,1.0
13.361241828806339,28.878066665641644,4.3320382226330185,0.5,255.0,255.0,0.0,0.0,0.0,2.0,0.0,1.0
10.627459036485751,23.32626893181526,14.36066801006919,0.5,255.0,255.0,0.0,0.0,0.0,2.0,0.0,1.0
13.132328702864356,9.437305617233113,8.990684589220384,0.5,255.0,50.0,50.0,0.0,0.0,1.0,0.0,1.0
6.07977218466585,11.297239795978351,12.357895396886834,0.5,255.0,50.0,50.0,0.0,0.0,1.0,0.0,1.0
25.2431958918015,11.183844769159037,12.9661749224571,0.5,255.0,50.0,50.0,0.0,0.0,1.0,0.0,1.0
18.933356254201616,14.13087789418149,1.7895638264074318,0.5,255.0,255.0,0.0,0.0,0.0,2.0,0.0,1.0
4.487839087062958,7.171735674942523,7.924514706581605,0.5,255.0,255.0,0.0,0.0,0.0,2.0,0.0,1.0
26.00508643472072,12.615457282015083,12.735464847047526,0.5,255.0,255.0,0.0,0.0,0.0,2.0,0.0,1.0
13.38797732855194,8.134372589725748,7.414228200142669,0.5,255.0,50.0,50.0,0.0,0.0,1.0,0.0,1.0
10.10412802517603,27.96963414620009,0.5217728352086647,0.5,255.0,50.0,50.0,0.0,0.0,1.0,0.0,1.0
4.910329190164084,13.137348266023023,13.761047899695555,0.5,255.0,255.0,0.0,0.0,0.0,2.0,0.0,1.0
12.916751027788662,6.635366566637056,2.2035713164665682,0.5,255.0,255.0,0.0,0.0,0.0,2.0,0.0,1.0
15.761828589008388,27.55753452636666,12.548280974818942,0.5,255.0,50.0,50.0,0.0,0.0,1.0,0.0,1.0
12.428859092400435,19.13107504501329,12.465187257102906,0.5,255.0,50.0,50.0,0.0,0.0,1.0,0.0,1.0
25.94049592178225,20.74713671048196,0.3188556025600309,0.5,255.0,50.0,50.0,0.0,0.0,1.0,0.0,1.0
15.556759303365615,20.051745364215932,12.49581326675732,0.5,255.0,255.0,0.0,0.0,0.0,2.0,0.0,1.0
19.64014455636089,17.033998530374806,2.8639047058452847,0.5,255.0,255.0,0.0,0.0,0.0,2.0,0.0,1.0
28.98210719583843,16.03145164221885,10.085690201969554,0.5,255.0,50.0,50.0,0.0,0.0,1.0,0.0,1.0
7.933495567830756,16.49132564474595,5.9728271994917055,0.5,255.0,255.0,0.0,0.0,0.0,2.0,0.0,1.0
16.205703148785343,17.465647331557417,13.65650743615879,0.5,255.0,50.0,50.0,0.0,0.0,1.0,0.0,1.0
23.21773006365909,5.1271614773641625,6.485841683791135,0.5,255.0,255.0,0.0,0.0,0.0,2.0,0.0,1.0
23.82965835500989,12.503953783434941,7.3976714987105545,0.5,255.0,255.0,0.0,0.0,0.0,2.0,0.0,1.0
24.552808196644673,10.772360736454669,14.574841950310189,0.5,255.0,255.0,0.0,0.0,0.0,2.0,0.0,1.0
4.806010286053339,19.688007188830095,10.287319411026282,0.5,255.0,255.0,0.0,0.0,0.0,2.0,0.0,1.0
13.607615417920192,17.084455540364146,0.5093997431023123,0.5,255.0,50.0,50.0,0.0,0.0,1.0,0.0,1.0
19.185246910883222,7.794908868467551,14.152728172772544,0.5,255.0,50.0,50.0,0.0,0.0,1.0,0.0,1.0
24.547276692729472,25.035574131197187,7.737892590450128,0.5,255.0,255.0,0.0,0.0,0.0,2.0,0.0,1.0
13.424644062110486,14.360090724020695,4.4450157765666525,0.5,255.0,255.0,0.0,0.0,0.0,2.0,0.0,1.0
3.3292298009214347,13.452298585106696,11.09386364817749,0.5,255.0,50.0,50.0,0.0,0.0,1.0,0.0,1.0
10.690365842042228,17.407496907611915,13.475681572056107,0.5,255.0,255.0,0.0,0.0,0.0,2.0,0.0,1.0
16.576421749800982,8.657358166517733,3.7603402963112025,0.5,255.0,50.0,50.0,0.0,0.0,1.0,0.0,1.0
8.136103937193893,16.313457778612907,11.236617127323996,0.5,255.0,255.0,0.0,0.0,0.0,2.0,0.0,1.0
6.96014320678729,21.829372176697476,14.124620251681604,0.5,255.0,255.0,0.0,0.0,0.0,2.0,0.0,1.0
18.38211799981198,12.96828586731519,4.310661279231279,0.5,255.0,255.0,0.0,0.0,0.0,2.0,0.0,1.0
18.43014262375628,17.716615837123268,2.8539236481398316,0.5,255.0,50.0,50.0,0.0,0.0,1.0,0.0,1.0
16.44651268854252,6.914972591663146,3.66485399007255,0.5,255.0,50.0,50.0,0.0,0.0,1.0,0.0,1.0
28.898429165642572,12.029708958090131,11.505938209373566,0.5,255.0,255.0,0.0,0.0,0.0,2.0,0.0,1.0
7.222255198942572,13.640824725929905,6.500334373446282,0.5,255.0,50.0,50.0,0.0,0.0,1.0,0.0,1.0
28.531720786916363,16.835437145672937,1.0165015036583618,0.5,255.0,50.0,50.0,0.0,0.0,1.0,0.0,1.0
12.252596847709809,4.315631558074101,1.2436632709008322,0.5,255.0,255.0,0.0,0.0,0.0,2.0,0.0,1.0
15.933863454438894,23.114633110676355,3.125268635544415,0.5,255.0,50.0,50.0,0.0,0.0,1.0,0.0,1.0
11.176345853630494,17.66928386684212,1.8881736203122803,0.5,255.0,255.0,0.0,0.0,0.0,2.0,0.0,1.0
24.745919844114127,15.277491015608714,12.612910074116579,0.5,255.0,255.0,0.0,0.0,0.0,2.0,0.0,1.0
18.03795941454024,13.658245600496581,5.3954446546467585,0.5,255.0,255.0,0.0,0.0,0.0,2.0,0.0,1.0
20.944052158877916,7.801354495182733,6.108556713256185,0.5,255.0,50.0,50.0,0.0,0.0,1.0,0.0,1.0
21.77937610104445,4.136108770226365,3.776761747324141,0.5,255.0,50.0,50.0,0.0,0.0,1.0,0.0,1.0
12.66098722749755,16.95478560340144,0.9697645694135747,0.5,255.0,255.0,0.0,0.0,0.0,2.0,0.0,1.0
1.807268960360616,15.532868221225772,6.214101377033468,0.5,255.0,50.0,50.0,0.0,0.0,1.0,0.0,1.0
2.356102448270715,10.103448988640617,6.5124641521433535,0.5,255.0,50.0,50.0,0.0,0.0,1.0,0.0,1.0
2.3481267543828968,14.467520409406145,4.436282390763968,0.5,255.0,50.0,50.0,0.0,0.0,1.0,0.0,1.0
12.406388161953391,26.988004413701034,6.492651915841446,0.5,255.0,255.0,0.0,0.0,0.0,2.0,0.0,1.0
23.368911360568827,3.806152377997052,6.885220826596331,0.5,255.0,50.0,50.0,0.0,0.0,1.0,0.0,1.0
17.0076069592663,18.478975219492828,7.478695602710059,0.5,255.0,50.0,50.0,0.0,0.0,1.0,0.0,1.0
3.4127078178402543,12.893884779458324,6.94460007388592,0.5,255.0,50.0,50.0,0.0,0.0,1.0,0.0,1.0
7.446618409478736,12.47359928247813,6.820958109846838,0.5,255.0,50.0,50.0,0.0,0.0,1.0,0.0,1.0
20.298445667709817,26.62516452131665,9.591221018989541,0.5,255.0,255.0,0.0,0.0,0.0,2.0,0.0,1.0
2.1402651414974976,18.67032616755429,14.012607753425446,0.5,255.0,50.0,50.0,0.0,0.0,1.0,0.0,1.0
15.311087468831126,4.129632636871541,11.563674169032284,0.5,255.0,255.0,0.0,0.0,0.0,2.0,0.0,1.0
20.04075146370572,14.203562876446435,11.326684031250762,0.5,255.0,255.0,0.0,0.0,0.0,2.0,0.0,1.0
14.743922651831799,4.2414928671270555,10.788809341642931,0.5,255.0,255.0,0.0,0.0,0.0,2.0,0.0,1.0
25.094900233905456,12.386967935494607,3.6131106068943692,0.5,255.0,50.0,50.0,0.0,0.0,1.0,0.0,1.0
25.331510449882238,8.681106639019994,5.55331097072173,0.5,255.0,50.0,50.0,0.0,0.0,1.0,0.0,1.0
7.289218445895922,16.141275476508074,2.8992543584578567,0.5,255.0,255.0,0.0,0.0,0.0,2.0,0.0,1.0
14.687851963894406,24.217839117928815,5.54956899073545,0.5,255.0,50.0,50.0,0.0,0.0,1.0,0.0,1.0
26.66784042337961,13.298932677229455,6.140051754048676,0.5,255.0,50.0,50.0,0.0,0.0,1.0,0.0,1.0
8.470789643069828,2.415993618826953,11.960485625828955,0.5,255.0,50.0,50.0,0.0,0.0,1.0,0.0,1.0
4.2132002914327265,22.38882293840092,3.6116650966359707,0.5,255.0,255.0,0.0,0.0,0.0,2.0,0.0,1.0
3.8074357653637403,13.787431422387264,6.771697154760908,0.5,255.0,255.0,0.0,0.0,0.0,2.0,0.0,1.0
20.845033177623737,9.916986144227918,10.952330853526398,0.5,255.0,255.0,0.0,0.0,0.0,2.0,0.0,1.0
16.1413529479298,16.373384952899826,5.016986066696349,0.5,255.0,255.0,0.0,0.0,0.0,2.0,0.0,1.0
21.18013590288073,14.334354408492095,15.139670528611012,0.5,255.0,255.0,0.0,0.0,0.0,2.0,0.0,1.0
21.494898040561836,9.997167583202488,3.0768937294187393,0.5,255.0,255.0,0.0,0.0,0.0,2.0,0.0,1.0
6.162485769628032,5.8065190047063275,13.62012017389031,0.5,255.0,255.0,0.0,0.0,0.0,2.0,0.0,1.0
25.879542354044432,11.476693562203996,3.8835632055576674,0.5,255.0,50.0,50.0,0.0,0.0,1.0,0.0,1.0
10.863641274703967,13.403705519734912,2.822443981383369,0.5,255.0,50.0,50.0,0.0,0.0,1.0,0.0,1.0
9.956445079911914,12.161161890476777,15.202720796364803,0.5,255.0,255.0,0.0,0.0,0.0,2.0,0.0,1.0
7.435651576231811,5.099673066896396,10.535253154908625,0.5,255.0,50.0,50.0,0.0,0.0,1.0,0.0,1.0
5.608945448972642,5.721214304919011,12.984979595338105,0.5,255.0,255.0,0.0,0.0,0.0,2.0,0.0,1.0
3.6108940369595075,9.843701611345635,1.2312062269472674,0.5,255.0,255.0,0.0,0.0,0.0,2.0,0.0,1.0
22.632744912675435,7.267050654540232,2.518765565080259,0.5,255.0,50.0,50.0,0.0,0.0,1.0,0.0,1.0
12.992019791746017,10.349053316753963,11.12984459948661,0.5,255.0,255.0,0.0,0.0,0.0,2.0,0.0,1.0
4.088490106606831,22.927892321769345,5.3814703877342405,0.5,255.0,50.0,50.0,0.0,0.0,1.0,0.0,1.0
5.516786134732651,19.951925033596726,9.37661683955987,0.5,255.0,50.0,50.0,0.0,0.0,1.0,0.0,1.0
25.54397053511716,22.321433401362068,4.853507856473282,0.5,255.0,50.0,50.0,0.0,0.0,1.0,0.0,1.0
8.16135792927803,16.296878966053164,5.035359864052665,0.5,255.0,255.0,0.0,0.0,0.0,2.0,0.0,1.0
18.90316975892324,1.4497924908876445,3.8366841702182497,0.5,255.0,50.0,50.0,0.0,0.0,1.0,0.0,1.0
24.888480374783565,23.53958415627972,13.058264406739227,0.5,255.0,255.0,0.0,0.0,0.0,2.0,0.0,1.0
4.72381713824049,22.25246302401789,4.983197317513428,0.5,255.0,50.0,50.0,0.0,0.0,1.0,0.0,1.0
16.238218563481183,14.209416826634012,1.1326840316948603,0.5,255.0,50.0,50.0,0.0,0.0,1.0,0.0,1.0
4.795390363936191,24.962028018366688,12.329000160330208,0.5,255.0,50.0,50.0,0.0,0.0,1.0,0.0,1.0
19.855090386052453,4.657445330926634,11.39202604162907,0.5,255.0,255.0,0.0,0.0,0.0,2.0,0.0,1.0
4.280021457308967,19.299231033788423,6.214643967975972,0.5,255.0,50.0,50.0,0.0,0.0,1.0,0.0,1.0
10.848422411183694,14.651074932735947,9.330849852067232,0.5,255.0,255.0,0.0,0.0,0.0,2.0,0.0,1.0
7.854164571274721,13.003871487863046,5.622912891631088,0.5,255.0,50.0,50.0,0.0,0.0,1.0,0.0,1.0
10.852459967947983,12.359982944346955,9.905020889354487,0.5,255.0,50.0,50.0,0.0,0.0,1.0,0.0,1.0
3.6204509289903024,18.561323535130203,1.3548065812179584,0.5,255.0,50.0,50.0,0.0,0.0,1.0,0.0,1.0
28.40191081638453,12.32639576461812,10.709510123127545,0.5,255.0,255.0,0.0,0.0,0.0,2.0,0.0,1.0
9.11857887754832,20.97156253463708,8.266594398045063,0.5,255.0,255.0,0.0,0.0,0.0,2.0,0.0,1.0
11.543509466258143,22.887803130813257,8.36569237849994,0.5,255.0,50.0,50.0,0.0,0.0,1.0,0.0,1.0
3.7679970086938672,22.887125946407185,0.9467014530530362,0.5,255.0,255.0,0.0,0.0,0.0,2.0,0.0,1.0
7.770200177593203,27.044757664488984,1.9638780640348863,0.5,255.0,50.0,50.0,0.0,0.0,1.0,0.0,1.0
18.858689701536335,20.506018972173944,12.203479192196255,0.5,255.0,255.0,0.0,0.0,0.0,2.0,0.0,1.0
19.105977097336403,19.032796700326468,14.052115867978461,0.5,255.0,50.0,50.0,0.0,0.0,1.0,0.0,1.0
3.037167975928725,18.32126491289586,13.205694888726088,0.5,255.0,50.0,50.0,0.0,0.0,1.0,0.0,1.0
22.528272019205318,18.162201206579624,2.8576597800718986,0.5,255.0,255.0,0.0,0.0,0.0,2.0,0.0,1.0
14.549897589862203,1.0986912313643808,12.092775421652766,0.5,255.0,50.0,50.0,0.0,0.0,1.0,0.0,1.0
17.798406893887964,23.09037045324959,8.68137648192888,0.5,255.0,50.0,50.0,0.0,0.0,1.0,0.0,1.0
9.586541085346052,12.502799770989236,9.41264146907984,0.5,255.0,50.0,50.0,0.0,0.0,1.0,0.0,1.0
9.93104818626439,25.073675788742534,1.3643818708564064,0.5,255.0,255.0,0.0,0.0,0.0,2.0,0.0,1.0
19.939068085344374,25.32504048869986,12.730245701015441,0.5,255.0,255.0,0.0,0.0,0.0,2.0,0.0,1.0
1.2449714998254302,17.31468592514705,4.409058337944025,0.5,255.0,255.0,0.0,0.0,0.0,2.0,0.0,1.0
28.967879912615235,11.439225003375665,1.0591062861603464,0.5,255.0,255.0,0.0,0.0,0.0,2.0,0.0,1.0
14.101230230616704,6.620731899011856,11.929181221979746,0.5,255.0,50.0,50.0,0.0,0.0,1.0,0.0,1.0
9.43623677471603,27.937425955426043,9.966932421426913,0.5,255.0,50.0,50.0,0.0,0.0,1.0,0.0,1.0
12.677246364496558,1.1617427339959148,2.307236878633591,0.5,255.0,255.0,0.0,0.0,0.0,2.0,0.0,1.0
13.225987396733485,28.30394266657539,13.346439098954328,0.5,255.0,50.0,50.0,0.0,0.0,1.0,0.0,1.0
17.91188811913101,17.563951428970125,13.202351055872633,0.5,255.0,255.0,0.0,0.0,0.0,2.0,0.0,1.0
6.395297894434863,19.502549854057083,13.95962109601125,0.5,255.0,50.0,50.0,0.0,0.0,1.0,0.0,1.0
5.849115581519353,19.25829566447287,10.466208802951904,0.5,255.0,255.0,0.0,0.0,0.0,2.0,0.0,1.0
27.40096752598262,19.56462710521522,2.9911847521225265,0.5,255.0,50.0,50.0,0.0,0.0,1.0,0.0,1.0
12.40922706479508,28.243506800272307,5.897632904531158,0.5,255.0,255.0,0.0,0.0,0.0,2.0,0.0,1.0
16.666483969599977,16.06891115922926,7.9696363129943215,0.5,255.0,255.0,0.0,0.0,0.0,2.0,0.0,1.0
3.493983112955844,5.323922450095366,0.361209240683835,0.5,255.0,50.0,50.0,0.0,0.0,1.0,0.0,1.0
5.639016115963541,11.250377663547031,9.028886509566725,0.5,255.0,255.0,0.0,0.0,0.0,2.0,0.0,1.0
3.9889215838090886,18.442526225869074,13.657590792021775,0.5,255.0,255.0,0.0,0.0,0.0,2.0,0.0,1.0
28.707988520289664,11.866919496715568,5.882852860705132,0.5,255.0,50.0,50.0,0.0,0.0,1.0,0.0,1.0
11.23431600450561,17.84599358784577,13.348583841332117,0.5,255.0,255.0,0.0,0.0,0.0,2.0,0.0,1.0
8.718447480313317,15.8691166299906,13.584364180954152,0.5,255.0,255.0,0.0,0.0,0.0,2.0,0.0,1.0
15.297313604429853,17.30977695228866,4.641518220654209,0.5,255.0,50.0,50.0,0.0,0.0,1.0,0.0,1.0
14.16701570934793,10.337423027392655,6.267219638558852,0.5,255.0,50.0,50.0,0.0,0.0,1.0,0.0,1.0
10.785107605117492,9.771285510148795,1.5446494923248302,0.5,255.0,50.0,50.0,0.0,0.0,1.0,0.0,1.0
10.348159883910924,2.5946269819731707,12.302988577585811,0.5,255.0,255.0,0.0,0.0,0.0,2.0,0.0,1.0
12.711893546795325,1.2384209648510898,5.284964733736072,0.5,255.0,50.0,50.0,0.0,0.0,1.0,0.0,1.0
16.072173344763193,24.03869077468217,12.152746217416533,0.5,255.0,50.0,50.0,0.0,0.0,1.0,0.0,1.0
1.8547264680084226,17.744396949936135,0.43618670835046697,0.5,255.0,255.0,0.0,0.0,0.0,2.0,0.0,1.0
22.428205667315865,14.48585561168708,8.570990464937331,0.5,255.0,50.0,50.0,0.0,0.0,1.0,0.0,1.0
20.4391975782649,22.138262536563342,10.983314206390478,0.5,255.0,255.0,0.0,0.0,0.0,2.0,0.0,1.0
21.65800343262644,25.649039354942726,4.175916360915097,0.5,255.0,50.0,50.0,0.0,0.0,1.0,0.0,1.0
17.72764734232371,22.28135928945909,8.587384760460603,0.5,255.0,50.0,50.0,0.0,0.0,1.0,0.0,1.0
21.63895680127987,4.964659443447893,7.977753037070746,0.5,255.0,50.0,50.0,0.0,0.0,1.0,0.0,1.0
11.201833326200417,22.93182848268051,7.341614025867915,0.5,255.0,50.0,50.0,0.0,0.0,1.0,0.0,1.0
27.553517686650874,11.452557606321747,0.9693430192505537,0.5,255.0,50.0,50.0,0.0,0.0,1.0,0.0,1.0
16.377718999322198,4.379363785308525,6.738863217281456,0.5,255.0,50.0,50.0,0.0,0.0,1.0,0.0,1.0
7.524453654891457,19.680450682357332,14.246366551530814,0.5,255.0,255.0,0.0,0.0,0.0,2.0,0.0,1.0
16.55540096214509,27.180984020446264,12.566102349392676,0.5,255.0,50.0,50.0,0.0,0.0,1.0,0.0,1.0
10.408362346082097,25.797421775500577,1.207388502768013,0.5,255.0,255.0,0.0,0.0,0.0,2.0,0.0,1.0
0.17653710040231466,12.0323325725353,10.890635477490552,0.5,255.0,255.0,0.0,0.0,0.0,2.0,0.0,1.0
22.475848444339224,4.382971491116282,3.069218451335078,0.5,255.0,255.0,0.0,0.0,0.0,2.0,0.0,1.0
27.072678941785007,22.10294273104808,8.008331846192075,0.5,255.0,50.0,50.0,0.0,0.0,1.0,0.0,1.0
19.300144010656634,2.564054447925548,13.272376480115192,0.5,255.0,50.0,50.0,0.0,0.0,1.0,0.0,1.0
24.302756993634503,4.521389476169206,6.067101959557916,0.5,255.0,50.0,50.0,0.0,0.0,1.0,0.0,1.0
12.904640366245971,26.130451491272243,14.140295852430137,0.5,255.0,50.0,50.0,0.0,0.0,1.0,0.0,1.0
8.09330811073056,8.580433816582115,2.3488337475968857,0.5,255.0,50.0,50.0,0.0,0.0,1.0,0.0,1.0
6.006792883474993,19.92816092970127,8.363507255571713,0.5,255.0,50.0,50.0,0.0,0.0,1.0,0.0,1.0
9.154883101156313,8.726821557775972,2.6292208677641544,0.5,255.0,50.0,50.0,0.0,0.0,1.0,0.0,1.0
10.060307570867185,6.778462896568082,10.77647821143143,0.5,255.0,255.0,0.0,0.0,0.0,2.0,0.0,1.0
15.684215403006252,27.62742604840315,10.12440163402517,0.5,255.0,50.0,50.0,0.0,0.0,1.0,0.0,1.0
17.24121434539177,13.838688525352941,4.138472117351902,0.5,255.0,255.0,0.0,0.0,0.0,2.0,0.0,1.0
18.010713952403755,22.608127170103135,4.848301814894537,0.5,255.0,255.0,0.0,0.0,0.0,2.0,0.0,1.0
3.0107036468342394,23.12985512711173,12.486715694346433,0.5,255.0,255.0,0.0,0.0,0.0,2.0,0.0,1.0
22.243958546928567,14.045537125491204,14.197736538925044,0.5,255.0,255.0,0.0,0.0,0.0,2.0,0.0,1.0
19.1877512705397,7.133044498607482,5.644364337005182,0.5,255.0,255.0,0.0,0.0,0.0,2.0,0.0,1.0
12.002113685628377,26.80223175677428,13.618158005877797,0.5,255.0,255.0,0.0,0.0,0.0,2.0,0.0,1.0
11.821879394610985,10.978520437372442,13.454765903447546,0.5,255.0,255.0,0.0,0.0,0.0,2.0,0.0,1.0
16.182441969160653,17.126394460687383,3.7192511382913827,0.5,255.0,255.0,0.0,0.0,0.0,2.0,0.0,1.0
16.57488539060299,15.061609170890213,1.5927326995116136,0.5,255.0,255.0,0.0,0.0,0.0,2.0,0.0,1.0
25.833535323826354,19.795678092013233,11.490533408695793,0.5,255.0,50.0,50.0,0.0,0.0,1.0,0.0,1.0
13.573684617289365,7.303347915635645,7.912180409199724,0.5,255.0,50.0,50.0,0.0,0.0,1.0,0.0,1.0
17.640232493144524,1.426486324067031,3.516497701874338,0.5,255.0,50.0,50.0,0.0,0.0,1.0,0.0,1.0
3.9015887681287102,10.957508181572733,7.464464166200332,0.5,255.0,50.0,50.0,0.0,0.0,1.0,0.0,1.0
20.663587383196635,10.02822403430761,5.4905663571926215,0.5,255.0,255.0,0.0,0.0,0.0,2.0,0.0,1.0
6.393859529954996,7.802760537322625,13.768622841283037,0.5,255.0,50.0,50.0,0.0,0.0,1.0,0.0,1.0
12.459878576326236,26.371044614817635,14.876346087066894,0.5,255.0,50.0,50.0,0.0,0.0,1.0,0.0,1.0
16.705715982891427,1.8720994315564103,7.852195795745536,0.5,255.0,255.0,0.0,0.0,0.0,2.0,0.0,1.0
9.774947950951647,19.862411660334693,8.578333114894633,0.5,255.0,50.0,50.0,0.0,0.0,1.0,0.0,1.0
10.863529474899378,1.5887065890849417,4.432417431201236,0.5,255.0,50.0,50.0,0.0,0.0,1.0,0.0,1.0
4.748322424908874,22.985728878412353,4.4108019004163745,0.5,255.0,50.0,50.0,0.0,0.0,1.0,0.0,1.0
22.06578466700708,11.189629040253495,3.4893234389381425,0.5,255.0,255.0,0.0,0.0,0.0,2.0,0.0,1.0
2.700708139391735,18.322271899680956,2.348129546293034,0.5,255.0,50.0,50.0,0.0,0.0,1.0,0.0,1.0
14.097174389302637,20.63234367171806,6.810168882017938,0.5,255.0,50.0,50.0,0.0,0.0,1.0,0.0,1.0
21.063258090910168,27.35175462968547,8.006399125374655,0.5,255.0,50.0,50.0,0.0,0.0,1.0,0.0,1.0
16.552207503880506,0.841015201107115,9.539773746747997,0.5,255.0,50.0,50.0,0.0,0.0,1.0,0.0,1.0
12.750618537552015,7.913834148012921,5.0179619008659895,0.5,255.0,50.0,50.0,0.0,0.0,1.0,0.0,1.0
10.79819331893756,12.011980372416152,2.155773270281202,0.5,255.0,50.0,50.0,0.0,0.0,1.0,0.0,1.0
18.686054832570697,22.263418204553982,4.5178628541851245,0.5,255.0,50.0,50.0,0.0,0.0,1.0,0.0,1.0
14.284353565169726,12.229592528068425,13.498058896643716,0.5,255.0,50.0,50.0,0.0,0.0,1.0,0.0,1.0
20.607527584401076,28.68473096683109,7.6787566347605996,0.5,255.0,50.0,50.0,0.0,0.0,1.0,0.0,1.0
6.073108257295078,13.304907909213975,4.901553266646324,0.5,255.0,255.0,0.0,0.0,0.0,2.0,0.0,1.0
12.782142874739415,5.48375577746651,10.355195865164665,0.5,255.0,255.0,0.0,0.0,0.0,2.0,0.0,1.0
24.17704383266814,22.655592780571546,4.359703462314381,0.5,255.0,50.0,50.0,0.0,0.0,1.0,0.0,1.0
1.9683994253209491,15.710536320315223,8.162648537118873,0.5,255.0,255.0,0.0,0.0,0.0,2.0,0.0,1.0
0.7808297199251227,12.687955833552092,14.507939242902784,0.5,255.0,255.0,0.0,0.0,0.0,2.0,0.0,1.0
11.40284198752249,20.976922711475677,0.6611429862435041,0.5,255.0,255.0,0.0,0.0,0.0,2.0,0.0,1.0
12.526280323866661,26.672458034960805,12.934082884655849,0.5,255.0,255.0,0.0,0.0,0.0,2.0,0.0,1.0
26.457515774963586,6.938638094994415,7.514391858267352,0.5,255.0,255.0,0.0,0.0,0.0,2.0,0.0,1.0
25.9061753669391,15.786598632302585,2.0803419607479214,0.5,255.0,255.0,0.0,0.0,0.0,2.0,0.0,1.0
5.077013009943305,25.695908897187113,0.7584079512203871,0.5,255.0,255.0,0.0,0.0,0.0,2.0,0.0,1.0
21.242443153642135,18.538698970232883,7.784188378138486,0.5,255.0,255.0,0.0,0.0,0.0,2.0,0.0,1.0
3.651378246281295,16.59448747431197,3.0682770950968923,0.5,255.0,50.0,50.0,0.0,0.0,1.0,0.0,1.0
21.253884946757097,9.88466243460426,14.117768024622766,0.5,255.0,50.0,50.0,0.0,0.0,1.0,0.0,1.0
14.87147525504959,3.2883279030800483,0.2468197195284611,0.5,255.0,255.0,0.0,0.0,0.0,2.0,0.0,1.0
22.690832730912142,20.75676099298158,0.30509706766257905,0.5,255.0,255.0,0.0,0.0,0.0,2.0,0.0,1.0
24.678682352208817,15.447141386910902,2.5734511798955224,0.5,255.0,50.0,50.0,0.0,0.0,1.0,0.0,1.0
8.145805745678153,4.661719316855934,4.310741291841814,0.5,255.0,50.0,50.0,0.0,0.0,1.0,0.0,1.0
19.937885810528215,1.0293105700387537,9.356087458243108,0.5,255.0,255.0,0.0,0.0,0.0,2.0,0.0,1.0
26.732903330445776,22.657050527318937,7.359594984761251,0.5,255.0,255.0,0.0,0.0,0.0,2.0,0.0,1.0
17.151521937072676,14.631630225453042,1.9119033306642113,0.5,255.0,255.0,0.0,0.0,0.0,2.0,0.0,1.0
3.6417603062272637,22.450595017380973,5.9666039031128415,0.5,255.0,50.0,50.0,0.0,0.0,1.0,0.0,1.0
28.301231856084037,16.092603849406,1.4754367351072641,0.5,255.0,255.0,0.0,0.0,0.0,2.0,0.0,1.0
12.147359332597688,25.753287506227743,14.516402921474851,0.5,255.0,50.0,50.0,0.0,0.0,1.0,0.0,1.0
9.278177510204358,7.643847521104124,7.56162504335777,0.5,255.0,255.0,0.0,0.0,0.0,2.0,0.0,1.0
3.2124420061532795,15.191132424669108,4.214137556184261,0.5,255.0,255.0,0.0,0.0,0.0,2.0,0.0,1.0
11.664256451421622,23.016701585322956,10.210865788126402,0.5,255.0,255.0,0.0,0.0,0.0,2.0,0.0,1.0
23.284150159062527,18.344324874387713,11.89694825311792,0.5,255.0,50.0,50.0,0.0,0.0,1.0,0.0,1.0
25.732153636338275,19.509534202831478,14.84253764043012,0.5,255.0,255.0,0.0,0.0,0.0,2.0,0.0,1.0
14.700737776808122,15.679944903442427,6.334662564943221,0.5,255.0,50.0,50.0,0.0,0.0,1.0,0.0,1.0
7.413299651432038,9.691149050235158,12.275447351811701,0.5,255.0,255.0,0.0,0.0,0.0,2.0,0.0,1.0
28.43838973998754,19.545194177010554,2.5551601508767185,0.5,255.0,255.0,0.0,0.0,0.0,2.0,0.0,1.0
11.787361436618385,16.62444148553958,9.581094337615763,0.5,255.0,255.0,0.0,0.0,0.0,2.0,0.0,1.0
20.750378615533535,6.78534786088589,5.070857524145062,0.5,255.0,50.0,50.0,0.0,0.0,1.0,0.0,1.0
2.257918685623144,14.843897308463399,6.16237429382297,0.5,255.0,50.0,50.0,0.0,0.0,1.0,0.0,1.0
7.376984956453312,12.188776568347473,2.009721141096962,0.5,255.0,255.0,0.0,0.0,0.0,2.0,0.0,1.0
12.183908663045182,18.029434114292286,1.4012176637131855,0.5,255.0,255.0,0.0,0.0,0.0,2.0,0.0,1.0
11.345506564045243,5.220581474135739,14.671593882032852,0.5,255.0,255.0,0.0,0.0,0.0,2.0,0.0,1.0
20.141406122296175,13.130539840634137,11.127309945180924,0.5,255.0,255.0,0.0,0.0,0.0,2.0,0.0,1.0
17.32276341923309,11.442706551193549,8.04440995663296,0.5,255.0,50.0,50.0,0.0,0.0,1.0,0.0,1.0
11.847138915795798,1.725067227130677,5.289344812463918,0.5,255.0,50.0,50.0,0.0,0.0,1.0,0.0,1.0
24.580167402978194,24.877512250057478,2.626687341928838,0.5,255.0,50.0,50.0,0.0,0.0,1.0,0.0,1.0
27.378252129621277,22.59232145422185,6.294093225843309,0.5,255.0,50.0,50.0,0.0,0.0,1.0,0.0,1.0
22.517548901578404,27.304325240769185,5.144760811774409,0.5,255.0,255.0,0.0,0.0,0.0,2.0,0.0,1.0
15.239139709991875,27.773008288536747,13.304822076911009,0.5,255.0,50.0,50.0,0.0,0.0,1.0,0.0,1.0
20.31637245742498,19.924996105338927,6.283991597934615,0.5,255.0,255.0,0.0,0.0,0.0,2.0,0.0,1.0
18.839608903417652,14.165142734675188,4.321343148623669,0.5,255.0,255.0,0.0,0.0,0.0,2.0,0.0,1.0
2.118652127324216,15.556376541558253,9.887981167634184,0.5,255.0,255.0,0.0,0.0,0.0,2.0,0.0,1.0
25.916874190116943,24.05525908324216,10.368292082357211,0.5,255.0,255.0,0.0,0.0,0.0,2.0,0.0,1.0
